IDZipCode,Province/City,Wards,District,Country,Continents
1,H? Chí Minh,Phu?ng B?n Nghé,Qu?n 1,Vi?t Nam,Châu Á
2,H? Chí Minh,Phu?ng B?n Thành,Qu?n 1,Vi?t Nam,Châu Á
3,H? Chí Minh,Phu?ng C?u Kho,Qu?n 1,Vi?t Nam,Châu Á
4,H? Chí Minh,Phu?ng C?u Ông Lãnh,Qu?n 1,Vi?t Nam,Châu Á
5,H? Chí Minh,Phu?ng Cô Giang,Qu?n 1,Vi?t Nam,Châu Á
6,H? Chí Minh,Phu?ng Ða Kao,Qu?n 1,Vi?t Nam,Châu Á
7,H? Chí Minh,Phu?ng Nguy?n Cu Trinh,Qu?n 1,Vi?t Nam,Châu Á
8,H? Chí Minh,Phu?ng Nguy?n Thái Bình,Qu?n 1,Vi?t Nam,Châu Á
9,H? Chí Minh,Phu?ng Ph?m Ngu Lão,Qu?n 1,Vi?t Nam,Châu Á
10,H? Chí Minh,Phu?ng Tân Ð?nh,Qu?n 1,Vi?t Nam,Châu Á
11,H? Chí Minh,Phu?ng An Khánh,Qu?n 2,Vi?t Nam,Châu Á
12,H? Chí Minh,Phu?ng An L?i Ðông,Qu?n 2,Vi?t Nam,Châu Á
13,H? Chí Minh,Phu?ng An Phú,Qu?n 2,Vi?t Nam,Châu Á
14,H? Chí Minh,Phu?ng Bình An,Qu?n 2,Vi?t Nam,Châu Á
15,H? Chí Minh,Phu?ng Bình Khánh,Qu?n 2,Vi?t Nam,Châu Á
16,H? Chí Minh,Phu?ng Bình Trung Ðông,Qu?n 2,Vi?t Nam,Châu Á
17,H? Chí Minh,Phu?ng Bình Trung Tây,Qu?n 2,Vi?t Nam,Châu Á
18,H? Chí Minh,Phu?ng Cát Lái,Qu?n 2,Vi?t Nam,Châu Á
19,H? Chí Minh,Phu?ng Th?nh M? L?i,Qu?n 2,Vi?t Nam,Châu Á
20,H? Chí Minh,Phu?ng Th?o Ði?n,Qu?n 2,Vi?t Nam,Châu Á
21,H? Chí Minh,Phu?ng Th? Thiêm,Qu?n 2,Vi?t Nam,Châu Á
22,H? Chí Minh,Phu?ng 01,Qu?n 3,Vi?t Nam,Châu Á
23,H? Chí Minh,Phu?ng 02,Qu?n 3,Vi?t Nam,Châu Á
24,H? Chí Minh,Phu?ng 03,Qu?n 3,Vi?t Nam,Châu Á
25,H? Chí Minh,Phu?ng 04,Qu?n 3,Vi?t Nam,Châu Á
26,H? Chí Minh,Phu?ng 05,Qu?n 3,Vi?t Nam,Châu Á
27,H? Chí Minh,Phu?ng 06,Qu?n 3,Vi?t Nam,Châu Á
28,H? Chí Minh,Phu?ng 07,Qu?n 3,Vi?t Nam,Châu Á
29,H? Chí Minh,Phu?ng 08,Qu?n 3,Vi?t Nam,Châu Á
30,H? Chí Minh,Phu?ng 09,Qu?n 3,Vi?t Nam,Châu Á
31,H? Chí Minh,Phu?ng 10,Qu?n 3,Vi?t Nam,Châu Á
32,H? Chí Minh,Phu?ng 11,Qu?n 3,Vi?t Nam,Châu Á
33,H? Chí Minh,Phu?ng 12,Qu?n 3,Vi?t Nam,Châu Á
34,H? Chí Minh,Phu?ng 13,Qu?n 3,Vi?t Nam,Châu Á
35,H? Chí Minh,Phu?ng 14,Qu?n 3,Vi?t Nam,Châu Á
36,H? Chí Minh,Phu?ng 01,Qu?n 4,Vi?t Nam,Châu Á
37,H? Chí Minh,Phu?ng 02,Qu?n 4,Vi?t Nam,Châu Á
38,H? Chí Minh,Phu?ng 03,Qu?n 4,Vi?t Nam,Châu Á
39,H? Chí Minh,Phu?ng 04,Qu?n 4,Vi?t Nam,Châu Á
40,H? Chí Minh,Phu?ng 05,Qu?n 4,Vi?t Nam,Châu Á
41,H? Chí Minh,Phu?ng 06,Qu?n 4,Vi?t Nam,Châu Á
42,H? Chí Minh,Phu?ng 08,Qu?n 4,Vi?t Nam,Châu Á
43,H? Chí Minh,Phu?ng 09,Qu?n 4,Vi?t Nam,Châu Á
44,H? Chí Minh,Phu?ng 10,Qu?n 4,Vi?t Nam,Châu Á
45,H? Chí Minh,Phu?ng 12,Qu?n 4,Vi?t Nam,Châu Á
46,H? Chí Minh,Phu?ng 13,Qu?n 4,Vi?t Nam,Châu Á
47,H? Chí Minh,Phu?ng 14,Qu?n 4,Vi?t Nam,Châu Á
48,H? Chí Minh,Phu?ng 15,Qu?n 4,Vi?t Nam,Châu Á
49,H? Chí Minh,Phu?ng 16,Qu?n 4,Vi?t Nam,Châu Á
50,H? Chí Minh,Phu?ng 18,Qu?n 4,Vi?t Nam,Châu Á
51,H? Chí Minh,Phu?ng 01,Qu?n 5,Vi?t Nam,Châu Á
52,H? Chí Minh,Phu?ng 02,Qu?n 5,Vi?t Nam,Châu Á
53,H? Chí Minh,Phu?ng 03,Qu?n 5,Vi?t Nam,Châu Á
54,H? Chí Minh,Phu?ng 04,Qu?n 5,Vi?t Nam,Châu Á
55,H? Chí Minh,Phu?ng 05,Qu?n 5,Vi?t Nam,Châu Á
56,H? Chí Minh,Phu?ng 06,Qu?n 5,Vi?t Nam,Châu Á
57,H? Chí Minh,Phu?ng 07,Qu?n 5,Vi?t Nam,Châu Á
58,H? Chí Minh,Phu?ng 08,Qu?n 5,Vi?t Nam,Châu Á
59,H? Chí Minh,Phu?ng 09,Qu?n 5,Vi?t Nam,Châu Á
60,H? Chí Minh,Phu?ng 10,Qu?n 5,Vi?t Nam,Châu Á
61,H? Chí Minh,Phu?ng 11,Qu?n 5,Vi?t Nam,Châu Á
62,H? Chí Minh,Phu?ng 12,Qu?n 5,Vi?t Nam,Châu Á
63,H? Chí Minh,Phu?ng 13,Qu?n 5,Vi?t Nam,Châu Á
64,H? Chí Minh,Phu?ng 14,Qu?n 5,Vi?t Nam,Châu Á
65,H? Chí Minh,Phu?ng 15,Qu?n 5,Vi?t Nam,Châu Á
66,H? Chí Minh,Phu?ng 01,Qu?n 6,Vi?t Nam,Châu Á
67,H? Chí Minh,Phu?ng 02,Qu?n 6,Vi?t Nam,Châu Á
68,H? Chí Minh,Phu?ng 03,Qu?n 6,Vi?t Nam,Châu Á
69,H? Chí Minh,Phu?ng 04,Qu?n 6,Vi?t Nam,Châu Á
70,H? Chí Minh,Phu?ng 05,Qu?n 6,Vi?t Nam,Châu Á
71,H? Chí Minh,Phu?ng 06,Qu?n 6,Vi?t Nam,Châu Á
72,H? Chí Minh,Phu?ng 07,Qu?n 6,Vi?t Nam,Châu Á
73,H? Chí Minh,Phu?ng 08,Qu?n 6,Vi?t Nam,Châu Á
74,H? Chí Minh,Phu?ng 09,Qu?n 6,Vi?t Nam,Châu Á
75,H? Chí Minh,Phu?ng 10,Qu?n 6,Vi?t Nam,Châu Á
76,H? Chí Minh,Phu?ng 11,Qu?n 6,Vi?t Nam,Châu Á
77,H? Chí Minh,Phu?ng 12,Qu?n 6,Vi?t Nam,Châu Á
78,H? Chí Minh,Phu?ng 13,Qu?n 6,Vi?t Nam,Châu Á
79,H? Chí Minh,Phu?ng 14,Qu?n 6,Vi?t Nam,Châu Á
80,H? Chí Minh,Phu?ng Bình Thu?n,Qu?n 7,Vi?t Nam,Châu Á
81,H? Chí Minh,Phu?ng Phú M?,Qu?n 7,Vi?t Nam,Châu Á
82,H? Chí Minh,Phu?ng Phú Thu?n,Qu?n 7,Vi?t Nam,Châu Á
83,H? Chí Minh,Phu?ng Tân Hung,Qu?n 7,Vi?t Nam,Châu Á
84,H? Chí Minh,Phu?ng Tân Ki?ng,Qu?n 7,Vi?t Nam,Châu Á
85,H? Chí Minh,Phu?ng Tân Phong,Qu?n 7,Vi?t Nam,Châu Á
86,H? Chí Minh,Phu?ng Tân Phú,Qu?n 7,Vi?t Nam,Châu Á
87,H? Chí Minh,Phu?ng Tân Quy,Qu?n 7,Vi?t Nam,Châu Á
88,H? Chí Minh,Phu?ng Tân Thu?n Ðông,Qu?n 7,Vi?t Nam,Châu Á
89,H? Chí Minh,Phu?ng Tân Thu?n Tây,Qu?n 7,Vi?t Nam,Châu Á
90,H? Chí Minh,Phu?ng 01,Qu?n 8,Vi?t Nam,Châu Á
91,H? Chí Minh,Phu?ng 02,Qu?n 8,Vi?t Nam,Châu Á
92,H? Chí Minh,Phu?ng 03,Qu?n 8,Vi?t Nam,Châu Á
93,H? Chí Minh,Phu?ng 04,Qu?n 8,Vi?t Nam,Châu Á
94,H? Chí Minh,Phu?ng 05,Qu?n 8,Vi?t Nam,Châu Á
95,H? Chí Minh,Phu?ng 06,Qu?n 8,Vi?t Nam,Châu Á
96,H? Chí Minh,Phu?ng 07,Qu?n 8,Vi?t Nam,Châu Á
97,H? Chí Minh,Phu?ng 08,Qu?n 8,Vi?t Nam,Châu Á
98,H? Chí Minh,Phu?ng 09,Qu?n 8,Vi?t Nam,Châu Á
99,H? Chí Minh,Phu?ng 10,Qu?n 8,Vi?t Nam,Châu Á
100,H? Chí Minh,Phu?ng 11,Qu?n 8,Vi?t Nam,Châu Á
101,H? Chí Minh,Phu?ng 12,Qu?n 8,Vi?t Nam,Châu Á
102,H? Chí Minh,Phu?ng 13,Qu?n 8,Vi?t Nam,Châu Á
103,H? Chí Minh,Phu?ng 14,Qu?n 8,Vi?t Nam,Châu Á
104,H? Chí Minh,Phu?ng 15,Qu?n 8,Vi?t Nam,Châu Á
105,H? Chí Minh,Phu?ng 16,Qu?n 8,Vi?t Nam,Châu Á
106,H? Chí Minh,Phu?ng Hi?p Phú,Qu?n 9,Vi?t Nam,Châu Á
107,H? Chí Minh,Phu?ng Long Bình,Qu?n 9,Vi?t Nam,Châu Á
108,H? Chí Minh,Phu?ng Long Phu?c,Qu?n 9,Vi?t Nam,Châu Á
109,H? Chí Minh,Phu?ng Long Th?nh M?,Qu?n 9,Vi?t Nam,Châu Á
110,H? Chí Minh,Phu?ng Long Tru?ng,Qu?n 9,Vi?t Nam,Châu Á
111,H? Chí Minh,Phu?ng Phú H?u,Qu?n 9,Vi?t Nam,Châu Á
112,H? Chí Minh,Phu?ng Phu?c Bình,Qu?n 9,Vi?t Nam,Châu Á
113,H? Chí Minh,Phu?ng Phu?c Long A,Qu?n 9,Vi?t Nam,Châu Á
114,H? Chí Minh,Phu?ng Phu?c Long B,Qu?n 9,Vi?t Nam,Châu Á
115,H? Chí Minh,Phu?ng Tân Phú,Qu?n 9,Vi?t Nam,Châu Á
116,H? Chí Minh,Phu?ng Tang Nhon Phú A,Qu?n 9,Vi?t Nam,Châu Á
117,H? Chí Minh,Phu?ng Tang Nhon Phú B,Qu?n 9,Vi?t Nam,Châu Á
118,H? Chí Minh,Phu?ng Tru?ng Th?nh,Qu?n 9,Vi?t Nam,Châu Á
119,H? Chí Minh,Phu?ng 01,Qu?n 10,Vi?t Nam,Châu Á
120,H? Chí Minh,Phu?ng 02,Qu?n 10,Vi?t Nam,Châu Á
121,H? Chí Minh,Phu?ng 03,Qu?n 10,Vi?t Nam,Châu Á
122,H? Chí Minh,Phu?ng 04,Qu?n 10,Vi?t Nam,Châu Á
123,H? Chí Minh,Phu?ng 05,Qu?n 10,Vi?t Nam,Châu Á
124,H? Chí Minh,Phu?ng 06,Qu?n 10,Vi?t Nam,Châu Á
125,H? Chí Minh,Phu?ng 07,Qu?n 10,Vi?t Nam,Châu Á
126,H? Chí Minh,Phu?ng 08,Qu?n 10,Vi?t Nam,Châu Á
127,H? Chí Minh,Phu?ng 09,Qu?n 10,Vi?t Nam,Châu Á
128,H? Chí Minh,Phu?ng 10,Qu?n 10,Vi?t Nam,Châu Á
129,H? Chí Minh,Phu?ng 11,Qu?n 10,Vi?t Nam,Châu Á
130,H? Chí Minh,Phu?ng 12,Qu?n 10,Vi?t Nam,Châu Á
131,H? Chí Minh,Phu?ng 13,Qu?n 10,Vi?t Nam,Châu Á
132,H? Chí Minh,Phu?ng 14,Qu?n 10,Vi?t Nam,Châu Á
133,H? Chí Minh,Phu?ng 15,Qu?n 10,Vi?t Nam,Châu Á
134,H? Chí Minh,Phu?ng 01,Qu?n 11,Vi?t Nam,Châu Á
135,H? Chí Minh,Phu?ng 02,Qu?n 11,Vi?t Nam,Châu Á
136,H? Chí Minh,Phu?ng 03,Qu?n 11,Vi?t Nam,Châu Á
137,H? Chí Minh,Phu?ng 04,Qu?n 11,Vi?t Nam,Châu Á
138,H? Chí Minh,Phu?ng 05,Qu?n 11,Vi?t Nam,Châu Á
139,H? Chí Minh,Phu?ng 06,Qu?n 11,Vi?t Nam,Châu Á
140,H? Chí Minh,Phu?ng 07,Qu?n 11,Vi?t Nam,Châu Á
141,H? Chí Minh,Phu?ng 08,Qu?n 11,Vi?t Nam,Châu Á
142,H? Chí Minh,Phu?ng 09,Qu?n 11,Vi?t Nam,Châu Á
143,H? Chí Minh,Phu?ng 10,Qu?n 11,Vi?t Nam,Châu Á
144,H? Chí Minh,Phu?ng 11,Qu?n 11,Vi?t Nam,Châu Á
145,H? Chí Minh,Phu?ng 12,Qu?n 11,Vi?t Nam,Châu Á
146,H? Chí Minh,Phu?ng 13,Qu?n 11,Vi?t Nam,Châu Á
147,H? Chí Minh,Phu?ng 14,Qu?n 11,Vi?t Nam,Châu Á
148,H? Chí Minh,Phu?ng 15,Qu?n 11,Vi?t Nam,Châu Á
149,H? Chí Minh,Phu?ng 16,Qu?n 11,Vi?t Nam,Châu Á
150,H? Chí Minh,Phu?ng An Phú Ðông,Qu?n 12,Vi?t Nam,Châu Á
151,H? Chí Minh,Phu?ng Ðông Hung Thu?n,Qu?n 12,Vi?t Nam,Châu Á
152,H? Chí Minh,Phu?ng Hi?p Thành,Qu?n 12,Vi?t Nam,Châu Á
153,H? Chí Minh,Phu?ng Tân Chánh Hi?p,Qu?n 12,Vi?t Nam,Châu Á
154,H? Chí Minh,Phu?ng Tân Hung Thu?n,Qu?n 12,Vi?t Nam,Châu Á
155,H? Chí Minh,Phu?ng Tân Th?i Hi?p,Qu?n 12,Vi?t Nam,Châu Á
156,H? Chí Minh,Phu?ng Tân Th?i Nh?t,Qu?n 12,Vi?t Nam,Châu Á
157,H? Chí Minh,Phu?ng Th?nh L?c,Qu?n 12,Vi?t Nam,Châu Á
158,H? Chí Minh,Phu?ng Th?nh Xuân,Qu?n 12,Vi?t Nam,Châu Á
159,H? Chí Minh,Phu?ng Th?i An,Qu?n 12,Vi?t Nam,Châu Á
160,H? Chí Minh,Phu?ng Trung M? Tây,Qu?n 12,Vi?t Nam,Châu Á
161,H? Chí Minh,Phu?ng 01,Qu?n Tân Bình,Vi?t Nam,Châu Á
162,H? Chí Minh,Phu?ng 02,Qu?n Tân Bình,Vi?t Nam,Châu Á
163,H? Chí Minh,Phu?ng 03,Qu?n Tân Bình,Vi?t Nam,Châu Á
164,H? Chí Minh,Phu?ng 04,Qu?n Tân Bình,Vi?t Nam,Châu Á
165,H? Chí Minh,Phu?ng 05,Qu?n Tân Bình,Vi?t Nam,Châu Á
166,H? Chí Minh,Phu?ng 06,Qu?n Tân Bình,Vi?t Nam,Châu Á
167,H? Chí Minh,Phu?ng 07,Qu?n Tân Bình,Vi?t Nam,Châu Á
168,H? Chí Minh,Phu?ng 08,Qu?n Tân Bình,Vi?t Nam,Châu Á
169,H? Chí Minh,Phu?ng 09,Qu?n Tân Bình,Vi?t Nam,Châu Á
170,H? Chí Minh,Phu?ng 10,Qu?n Tân Bình,Vi?t Nam,Châu Á
171,H? Chí Minh,Phu?ng 11,Qu?n Tân Bình,Vi?t Nam,Châu Á
172,H? Chí Minh,Phu?ng 12,Qu?n Tân Bình,Vi?t Nam,Châu Á
173,H? Chí Minh,Phu?ng 13,Qu?n Tân Bình,Vi?t Nam,Châu Á
174,H? Chí Minh,Phu?ng 14,Qu?n Tân Bình,Vi?t Nam,Châu Á
175,H? Chí Minh,Phu?ng 15,Qu?n Tân Bình,Vi?t Nam,Châu Á
176,H? Chí Minh,Phu?ng Hi?p Tân,Qu?n Tân Phú,Vi?t Nam,Châu Á
177,H? Chí Minh,Phu?ng Hoà Th?nh,Qu?n Tân Phú,Vi?t Nam,Châu Á
178,H? Chí Minh,Phu?ng Phú Th?nh,Qu?n Tân Phú,Vi?t Nam,Châu Á
179,H? Chí Minh,Phu?ng Phú Th? Hoà,Qu?n Tân Phú,Vi?t Nam,Châu Á
180,H? Chí Minh,Phu?ng Phú Trung,Qu?n Tân Phú,Vi?t Nam,Châu Á
181,H? Chí Minh,Phu?ng Son K?,Qu?n Tân Phú,Vi?t Nam,Châu Á
182,H? Chí Minh,Phu?ng Tân Quý,Qu?n Tân Phú,Vi?t Nam,Châu Á
183,H? Chí Minh,Phu?ng Tân Son Nhì,Qu?n Tân Phú,Vi?t Nam,Châu Á
184,H? Chí Minh,Phu?ng Tân Thành,Qu?n Tân Phú,Vi?t Nam,Châu Á
185,H? Chí Minh,Phu?ng Tân Th?i Hoà,Qu?n Tân Phú,Vi?t Nam,Châu Á
186,H? Chí Minh,Phu?ng Tây Th?nh,Qu?n Tân Phú,Vi?t Nam,Châu Á
187,H? Chí Minh,Phu?ng 01,Qu?n Phú Nhu?n,Vi?t Nam,Châu Á
188,H? Chí Minh,Phu?ng 02,Qu?n Phú Nhu?n,Vi?t Nam,Châu Á
189,H? Chí Minh,Phu?ng 03,Qu?n Phú Nhu?n,Vi?t Nam,Châu Á
190,H? Chí Minh,Phu?ng 04,Qu?n Phú Nhu?n,Vi?t Nam,Châu Á
191,H? Chí Minh,Phu?ng 05,Qu?n Phú Nhu?n,Vi?t Nam,Châu Á
192,H? Chí Minh,Phu?ng 07,Qu?n Phú Nhu?n,Vi?t Nam,Châu Á
193,H? Chí Minh,Phu?ng 08,Qu?n Phú Nhu?n,Vi?t Nam,Châu Á
194,H? Chí Minh,Phu?ng 09,Qu?n Phú Nhu?n,Vi?t Nam,Châu Á
195,H? Chí Minh,Phu?ng 10,Qu?n Phú Nhu?n,Vi?t Nam,Châu Á
196,H? Chí Minh,Phu?ng 11,Qu?n Phú Nhu?n,Vi?t Nam,Châu Á
197,H? Chí Minh,Phu?ng 12,Qu?n Phú Nhu?n,Vi?t Nam,Châu Á
198,H? Chí Minh,Phu?ng 13,Qu?n Phú Nhu?n,Vi?t Nam,Châu Á
199,H? Chí Minh,Phu?ng 14,Qu?n Phú Nhu?n,Vi?t Nam,Châu Á
200,H? Chí Minh,Phu?ng 15,Qu?n Phú Nhu?n,Vi?t Nam,Châu Á
201,H? Chí Minh,Phu?ng 17,Qu?n Phú Nhu?n,Vi?t Nam,Châu Á
202,H? Chí Minh,Phu?ng 01,Qu?n Gò V?p,Vi?t Nam,Châu Á
203,H? Chí Minh,Phu?ng 03,Qu?n Gò V?p,Vi?t Nam,Châu Á
204,H? Chí Minh,Phu?ng 04,Qu?n Gò V?p,Vi?t Nam,Châu Á
205,H? Chí Minh,Phu?ng 05,Qu?n Gò V?p,Vi?t Nam,Châu Á
206,H? Chí Minh,Phu?ng 06,Qu?n Gò V?p,Vi?t Nam,Châu Á
207,H? Chí Minh,Phu?ng 07,Qu?n Gò V?p,Vi?t Nam,Châu Á
208,H? Chí Minh,Phu?ng 08,Qu?n Gò V?p,Vi?t Nam,Châu Á
209,H? Chí Minh,Phu?ng 09,Qu?n Gò V?p,Vi?t Nam,Châu Á
210,H? Chí Minh,Phu?ng 10,Qu?n Gò V?p,Vi?t Nam,Châu Á
211,H? Chí Minh,Phu?ng 11,Qu?n Gò V?p,Vi?t Nam,Châu Á
212,H? Chí Minh,Phu?ng 12,Qu?n Gò V?p,Vi?t Nam,Châu Á
213,H? Chí Minh,Phu?ng 13,Qu?n Gò V?p,Vi?t Nam,Châu Á
214,H? Chí Minh,Phu?ng 14,Qu?n Gò V?p,Vi?t Nam,Châu Á
215,H? Chí Minh,Phu?ng 15,Qu?n Gò V?p,Vi?t Nam,Châu Á
216,H? Chí Minh,Phu?ng 16,Qu?n Gò V?p,Vi?t Nam,Châu Á
217,H? Chí Minh,Phu?ng 17,Qu?n Gò V?p,Vi?t Nam,Châu Á
218,H? Chí Minh,Phu?ng 01,Qu?n Bình Th?nh,Vi?t Nam,Châu Á
219,H? Chí Minh,Phu?ng 02,Qu?n Bình Th?nh,Vi?t Nam,Châu Á
220,H? Chí Minh,Phu?ng 03,Qu?n Bình Th?nh,Vi?t Nam,Châu Á
221,H? Chí Minh,Phu?ng 05,Qu?n Bình Th?nh,Vi?t Nam,Châu Á
222,H? Chí Minh,Phu?ng 06,Qu?n Bình Th?nh,Vi?t Nam,Châu Á
223,H? Chí Minh,Phu?ng 07,Qu?n Bình Th?nh,Vi?t Nam,Châu Á
224,H? Chí Minh,Phu?ng 11,Qu?n Bình Th?nh,Vi?t Nam,Châu Á
225,H? Chí Minh,Phu?ng 12,Qu?n Bình Th?nh,Vi?t Nam,Châu Á
226,H? Chí Minh,Phu?ng 13,Qu?n Bình Th?nh,Vi?t Nam,Châu Á
227,H? Chí Minh,Phu?ng 14,Qu?n Bình Th?nh,Vi?t Nam,Châu Á
228,H? Chí Minh,Phu?ng 15,Qu?n Bình Th?nh,Vi?t Nam,Châu Á
229,H? Chí Minh,Phu?ng 17,Qu?n Bình Th?nh,Vi?t Nam,Châu Á
230,H? Chí Minh,Phu?ng 19,Qu?n Bình Th?nh,Vi?t Nam,Châu Á
231,H? Chí Minh,Phu?ng 21,Qu?n Bình Th?nh,Vi?t Nam,Châu Á
232,H? Chí Minh,Phu?ng 22,Qu?n Bình Th?nh,Vi?t Nam,Châu Á
233,H? Chí Minh,Phu?ng 24,Qu?n Bình Th?nh,Vi?t Nam,Châu Á
234,H? Chí Minh,Phu?ng 25,Qu?n Bình Th?nh,Vi?t Nam,Châu Á
235,H? Chí Minh,Phu?ng 26,Qu?n Bình Th?nh,Vi?t Nam,Châu Á
236,H? Chí Minh,Phu?ng 27,Qu?n Bình Th?nh,Vi?t Nam,Châu Á
237,H? Chí Minh,Phu?ng 28,Qu?n Bình Th?nh,Vi?t Nam,Châu Á
238,H? Chí Minh,Phu?ng Bình Chi?u,Qu?n Th? Ð?c,Vi?t Nam,Châu Á
239,H? Chí Minh,Phu?ng Bình Th?,Qu?n Th? Ð?c,Vi?t Nam,Châu Á
240,H? Chí Minh,Phu?ng Hi?p Bình Chánh,Qu?n Th? Ð?c,Vi?t Nam,Châu Á
241,H? Chí Minh,Phu?ng Hi?p Bình Phu?c,Qu?n Th? Ð?c,Vi?t Nam,Châu Á
242,H? Chí Minh,Phu?ng Linh Chi?u,Qu?n Th? Ð?c,Vi?t Nam,Châu Á
243,H? Chí Minh,Phu?ng Linh Ðông,Qu?n Th? Ð?c,Vi?t Nam,Châu Á
244,H? Chí Minh,Phu?ng Linh Tây,Qu?n Th? Ð?c,Vi?t Nam,Châu Á
245,H? Chí Minh,Phu?ng Linh Trung,Qu?n Th? Ð?c,Vi?t Nam,Châu Á
246,H? Chí Minh,Phu?ng Linh Xuân,Qu?n Th? Ð?c,Vi?t Nam,Châu Á
247,H? Chí Minh,Phu?ng Tam Bình,Qu?n Th? Ð?c,Vi?t Nam,Châu Á
248,H? Chí Minh,Phu?ng Tam Phú,Qu?n Th? Ð?c,Vi?t Nam,Châu Á
249,H? Chí Minh,Phu?ng Tru?ng Th?,Qu?n Th? Ð?c,Vi?t Nam,Châu Á
250,H? Chí Minh,Phu?ng An L?c,Qu?n Bình Tân,Vi?t Nam,Châu Á
251,H? Chí Minh,Phu?ng An L?c A,Qu?n Bình Tân,Vi?t Nam,Châu Á
252,H? Chí Minh,Phu?ng Bình Hung Hòa,Qu?n Bình Tân,Vi?t Nam,Châu Á
253,H? Chí Minh,Phu?ng Bình Hung Hòa A,Qu?n Bình Tân,Vi?t Nam,Châu Á
254,H? Chí Minh,Phu?ng Bình Hung Hòa B,Qu?n Bình Tân,Vi?t Nam,Châu Á
255,H? Chí Minh,Phu?ng Bình Tr? Ðông,Qu?n Bình Tân,Vi?t Nam,Châu Á
256,H? Chí Minh,Phu?ng Bình Tr? Ðông A,Qu?n Bình Tân,Vi?t Nam,Châu Á
257,H? Chí Minh,Phu?ng Bình Tr? Ðông B,Qu?n Bình Tân,Vi?t Nam,Châu Á
258,H? Chí Minh,Phu?ng Tân T?o,Qu?n Bình Tân,Vi?t Nam,Châu Á
259,H? Chí Minh,Phu?ng Tân T?o A,Qu?n Bình Tân,Vi?t Nam,Châu Á
260,H? Chí Minh,Th? Tr?n Hóc Môn,Huy?n Hóc Môn,Vi?t Nam,Châu Á
261,H? Chí Minh,Xã Bà Ði?m,Huy?n Hóc Môn,Vi?t Nam,Châu Á
262,H? Chí Minh,Xã Ðông Th?nh,Huy?n Hóc Môn,Vi?t Nam,Châu Á
263,H? Chí Minh,Xã Nh? Bình,Huy?n Hóc Môn,Vi?t Nam,Châu Á
264,H? Chí Minh,Xã Tân Hi?p,Huy?n Hóc Môn,Vi?t Nam,Châu Á
265,H? Chí Minh,Xã Tân Th?i Nhì,Huy?n Hóc Môn,Vi?t Nam,Châu Á
266,H? Chí Minh,Xã Tân Xuân,Huy?n Hóc Môn,Vi?t Nam,Châu Á
267,H? Chí Minh,Xã Th?i Tam Thôn,Huy?n Hóc Môn,Vi?t Nam,Châu Á
268,H? Chí Minh,Xã Trung Chánh,Huy?n Hóc Môn,Vi?t Nam,Châu Á
269,H? Chí Minh,Xã Xuân Th?i Ðông,Huy?n Hóc Môn,Vi?t Nam,Châu Á
270,H? Chí Minh,Xã Xuân Th?i Son,Huy?n Hóc Môn,Vi?t Nam,Châu Á
271,H? Chí Minh,Xã Xuân Th?i Thu?ng,Huy?n Hóc Môn,Vi?t Nam,Châu Á
272,H? Chí Minh,An Nhon Tây,Huy?n C? Chi,Vi?t Nam,Châu Á
273,H? Chí Minh,An Phú,Huy?n C? Chi,Vi?t Nam,Châu Á
274,H? Chí Minh,Hoà Phú,Huy?n C? Chi,Vi?t Nam,Châu Á
275,H? Chí Minh,Nhu?n Ð?c,Huy?n C? Chi,Vi?t Nam,Châu Á
276,H? Chí Minh,Phú Hòa Ðông,Huy?n C? Chi,Vi?t Nam,Châu Á
277,H? Chí Minh,Phú M? Hung,Huy?n C? Chi,Vi?t Nam,Châu Á
278,H? Chí Minh,Phu?c Th?nh,Huy?n C? Chi,Vi?t Nam,Châu Á
279,H? Chí Minh,Phu?c Vinh An,Huy?n C? Chi,Vi?t Nam,Châu Á
280,H? Chí Minh,Tân An H?i,Huy?n C? Chi,Vi?t Nam,Châu Á
281,H? Chí Minh,Tân Phú Trung,Huy?n C? Chi,Vi?t Nam,Châu Á
282,H? Chí Minh,Tân Th?nh Ðông,Huy?n C? Chi,Vi?t Nam,Châu Á
283,H? Chí Minh,Tân Th?nh Tây,Huy?n C? Chi,Vi?t Nam,Châu Á
284,H? Chí Minh,Tân Thông H?i,Huy?n C? Chi,Vi?t Nam,Châu Á
285,H? Chí Minh,Thái M?,Huy?n C? Chi,Vi?t Nam,Châu Á
286,H? Chí Minh,Th? Tr?n C? Chi,Huy?n C? Chi,Vi?t Nam,Châu Á
287,H? Chí Minh,Trung An,Huy?n C? Chi,Vi?t Nam,Châu Á
288,H? Chí Minh,Trung L?p Thu?ng,Huy?n C? Chi,Vi?t Nam,Châu Á
289,H? Chí Minh,Xã Bình M?,Huy?n C? Chi,Vi?t Nam,Châu Á
290,H? Chí Minh,Xã Ph?m Van C?i,Huy?n C? Chi,Vi?t Nam,Châu Á
291,H? Chí Minh,Xã Phu?c Hi?p,Huy?n C? Chi,Vi?t Nam,Châu Á
292,H? Chí Minh,Xã Trung L?p H?,Huy?n C? Chi,Vi?t Nam,Châu Á
293,H? Chí Minh,Th? Tr?n Nhà Bè,Huy?n Nhà Bè,Vi?t Nam,Châu Á
294,H? Chí Minh,Xã Hi?p Phu?c,Huy?n Nhà Bè,Vi?t Nam,Châu Á
295,H? Chí Minh,Xã Long Th?i,Huy?n Nhà Bè,Vi?t Nam,Châu Á
296,H? Chí Minh,Xã Nhon Ð?c,Huy?n Nhà Bè,Vi?t Nam,Châu Á
297,H? Chí Minh,Xã Phú Xuân,Huy?n Nhà Bè,Vi?t Nam,Châu Á
298,H? Chí Minh,Xã Phu?c Ki?n,Huy?n Nhà Bè,Vi?t Nam,Châu Á
299,H? Chí Minh,Xã Phu?c L?c,Huy?n Nhà Bè,Vi?t Nam,Châu Á
300,H? Chí Minh,Th? Tr?n Tân Túc,Huy?n Bình Chánh,Vi?t Nam,Châu Á
301,H? Chí Minh,Xã An Phú Tây,Huy?n Bình Chánh,Vi?t Nam,Châu Á
302,H? Chí Minh,Xã Bình Chánh,Huy?n Bình Chánh,Vi?t Nam,Châu Á
303,H? Chí Minh,Xã Bình Hung,Huy?n Bình Chánh,Vi?t Nam,Châu Á
304,H? Chí Minh,Xã Bình L?i,Huy?n Bình Chánh,Vi?t Nam,Châu Á
305,H? Chí Minh,Xã Ða Phu?c,Huy?n Bình Chánh,Vi?t Nam,Châu Á
306,H? Chí Minh,Xã Hung Long,Huy?n Bình Chánh,Vi?t Nam,Châu Á
307,H? Chí Minh,Xã Lê Minh Xuân,Huy?n Bình Chánh,Vi?t Nam,Châu Á
308,H? Chí Minh,Xã Ph?m Van Hai,Huy?n Bình Chánh,Vi?t Nam,Châu Á
309,H? Chí Minh,Xã Phong Phú,Huy?n Bình Chánh,Vi?t Nam,Châu Á
310,H? Chí Minh,Xã Qui Ð?c,Huy?n Bình Chánh,Vi?t Nam,Châu Á
311,H? Chí Minh,Xã Tân Kiên,Huy?n Bình Chánh,Vi?t Nam,Châu Á
312,H? Chí Minh,Xã Tân Nh?t,Huy?n Bình Chánh,Vi?t Nam,Châu Á
313,H? Chí Minh,Xã Tân Quý Tây,Huy?n Bình Chánh,Vi?t Nam,Châu Á
314,H? Chí Minh,Xã Vinh L?c A,Huy?n Bình Chánh,Vi?t Nam,Châu Á
315,H? Chí Minh,Xã Vinh L?c B,Huy?n Bình Chánh,Vi?t Nam,Châu Á
316,H? Chí Minh,Th? Tr?n C?n Th?nh,Huy?n C?n Gi?,Vi?t Nam,Châu Á
317,H? Chí Minh,Xã An Th?i Ðông,Huy?n C?n Gi?,Vi?t Nam,Châu Á
318,H? Chí Minh,Xã Bình Khánh,Huy?n C?n Gi?,Vi?t Nam,Châu Á
319,H? Chí Minh,Xã Long Hoà,Huy?n C?n Gi?,Vi?t Nam,Châu Á
320,H? Chí Minh,Xã Lý Nhon,Huy?n C?n Gi?,Vi?t Nam,Châu Á
321,H? Chí Minh,Xã Tam Thôn Hi?p,Huy?n C?n Gi?,Vi?t Nam,Châu Á
322,H? Chí Minh,Xã Th?nh An,Huy?n C?n Gi?,Vi?t Nam,Châu Á
323,Hà N?i,Lê Trung Tán,Qu?n Thanh Xuân,Vi?t Nam,Châu Á
324,Hà N?i,Phu?ng H? Ðình,Qu?n Thanh Xuân,Vi?t Nam,Châu Á
325,Hà N?i,Phu?ng Khuong Ðình,Qu?n Thanh Xuân,Vi?t Nam,Châu Á
326,Hà N?i,Phu?ng Khuong Mai,Qu?n Thanh Xuân,Vi?t Nam,Châu Á
327,Hà N?i,Phu?ng Khuong Trung,Qu?n Thanh Xuân,Vi?t Nam,Châu Á
328,Hà N?i,Phu?ng Kim Giang,Qu?n Thanh Xuân,Vi?t Nam,Châu Á
329,Hà N?i,Phu?ng Nhân Chính,Qu?n Thanh Xuân,Vi?t Nam,Châu Á
330,Hà N?i,Phu?ng Phuong Li?t,Qu?n Thanh Xuân,Vi?t Nam,Châu Á
331,Hà N?i,Phu?ng Thanh Xuân B?c,Qu?n Thanh Xuân,Vi?t Nam,Châu Á
332,Hà N?i,Phu?ng Thanh Xuân Nam,Qu?n Thanh Xuân,Vi?t Nam,Châu Á
333,Hà N?i,Phu?ng Thanh Xuân Trung,Qu?n Thanh Xuân,Vi?t Nam,Châu Á
334,Hà N?i,Phu?ng Thu?ng Ðình,Qu?n Thanh Xuân,Vi?t Nam,Châu Á
335,Hà N?i,Phu?ng Bu?i,Qu?n Tây H?,Vi?t Nam,Châu Á
336,Hà N?i,Phu?ng Nh?t Tân,Qu?n Tây H?,Vi?t Nam,Châu Á
337,Hà N?i,Phu?ng Phú Thu?ng,Qu?n Tây H?,Vi?t Nam,Châu Á
338,Hà N?i,Phu?ng Qu?ng An,Qu?n Tây H?,Vi?t Nam,Châu Á
339,Hà N?i,Phu?ng Thu? Khuê,Qu?n Tây H?,Vi?t Nam,Châu Á
340,Hà N?i,Phu?ng T? Liên,Qu?n Tây H?,Vi?t Nam,Châu Á
341,Hà N?i,Phu?ng Xuân La,Qu?n Tây H?,Vi?t Nam,Châu Á
342,Hà N?i,Phu?ng Yên Ph?,Qu?n Tây H?,Vi?t Nam,Châu Á
343,Hà N?i,Phu?ng Phuong Canh,Qu?n Nam T? Liêm,Vi?t Nam,Châu Á
344,Hà N?i,Phu?ng C?u Di?n,Qu?n Nam T? Liêm,Vi?t Nam,Châu Á
345,Hà N?i,Phu?ng Ð?i M?,Qu?n Nam T? Liêm,Vi?t Nam,Châu Á
346,Hà N?i,Phu?ng M? Trì,Qu?n Nam T? Liêm,Vi?t Nam,Châu Á
347,Hà N?i,Phu?ng M? Ðình 1,Qu?n Nam T? Liêm,Vi?t Nam,Châu Á
348,Hà N?i,Phu?ng M? Ðình 2,Qu?n Nam T? Liêm,Vi?t Nam,Châu Á
349,Hà N?i,Phu?ng Tây M?,Qu?n Nam T? Liêm,Vi?t Nam,Châu Á
350,Hà N?i,Phu?ng Trung Van,Qu?n Nam T? Liêm,Vi?t Nam,Châu Á
351,Hà N?i,Phu?ng Xuân Phuong,Qu?n Nam T? Liêm,Vi?t Nam,Châu Á
352,Hà N?i,Xã Phú Ðô,Qu?n Nam T? Liêm,Vi?t Nam,Châu Á
353,Hà N?i,Phu?ng B? Ð?,Qu?n Long Biên,Vi?t Nam,Châu Á
354,Hà N?i,Phu?ng C? Kh?i,Qu?n Long Biên,Vi?t Nam,Châu Á
355,Hà N?i,Phu?ng Ð?c Giang,Qu?n Long Biên,Vi?t Nam,Châu Á
356,Hà N?i,Phu?ng Gia Thu?,Qu?n Long Biên,Vi?t Nam,Châu Á
357,Hà N?i,Phu?ng Giang Biên,Qu?n Long Biên,Vi?t Nam,Châu Á
358,Hà N?i,Phu?ng Long Biên,Qu?n Long Biên,Vi?t Nam,Châu Á
359,Hà N?i,Phu?ng Ng?c Lâm,Qu?n Long Biên,Vi?t Nam,Châu Á
360,Hà N?i,Phu?ng Ng?c Thu?,Qu?n Long Biên,Vi?t Nam,Châu Á
361,Hà N?i,Phu?ng Phúc Ð?ng,Qu?n Long Biên,Vi?t Nam,Châu Á
362,Hà N?i,Phu?ng Phúc L?i,Qu?n Long Biên,Vi?t Nam,Châu Á
363,Hà N?i,Phu?ng Sài Ð?ng,Qu?n Long Biên,Vi?t Nam,Châu Á
364,Hà N?i,Phu?ng Th?ch Bàn,Qu?n Long Biên,Vi?t Nam,Châu Á
365,Hà N?i,Phu?ng Thu?ng Thanh,Qu?n Long Biên,Vi?t Nam,Châu Á
366,Hà N?i,Phu?ng Vi?t Hung,Qu?n Long Biên,Vi?t Nam,Châu Á
367,Hà N?i,Phu?ng Ð?i Kim,Qu?n Hoàng Mai,Vi?t Nam,Châu Á
368,Hà N?i,Phu?ng Ð?nh Công,Qu?n Hoàng Mai,Vi?t Nam,Châu Á
369,Hà N?i,Phu?ng Giáp Bát,Qu?n Hoàng Mai,Vi?t Nam,Châu Á
370,Hà N?i,Phu?ng Hoàng Li?t,Qu?n Hoàng Mai,Vi?t Nam,Châu Á
371,Hà N?i,Phu?ng Hoàng Van Th?,Qu?n Hoàng Mai,Vi?t Nam,Châu Á
372,Hà N?i,Phu?ng Linh Nam,Qu?n Hoàng Mai,Vi?t Nam,Châu Á
373,Hà N?i,Phu?ng Mai Ð?ng,Qu?n Hoàng Mai,Vi?t Nam,Châu Á
374,Hà N?i,Phu?ng Tân Mai,Qu?n Hoàng Mai,Vi?t Nam,Châu Á
375,Hà N?i,Phu?ng Thanh Trì,Qu?n Hoàng Mai,Vi?t Nam,Châu Á
376,Hà N?i,Phu?ng Th?nh Li?t,Qu?n Hoàng Mai,Vi?t Nam,Châu Á
377,Hà N?i,Phu?ng Tr?n Phú,Qu?n Hoàng Mai,Vi?t Nam,Châu Á
378,Hà N?i,Phu?ng Tuong Mai,Qu?n Hoàng Mai,Vi?t Nam,Châu Á
379,Hà N?i,Phu?ng Vinh Hung,Qu?n Hoàng Mai,Vi?t Nam,Châu Á
380,Hà N?i,Phu?ng Yên S?,Qu?n Hoàng Mai,Vi?t Nam,Châu Á
381,Hà N?i,Phu?ng Hàng Chi?u,Qu?n Hoàn Ki?m,Vi?t Nam,Châu Á
382,Hà N?i,Phu?ng Chuong Duong Ð?,Qu?n Hoàn Ki?m,Vi?t Nam,Châu Á
383,Hà N?i,Phu?ng C?a Ðông,Qu?n Hoàn Ki?m,Vi?t Nam,Châu Á
384,Hà N?i,Phu?ng C?a Nam,Qu?n Hoàn Ki?m,Vi?t Nam,Châu Á
385,Hà N?i,Phu?ng Ð?ng Xuân,Qu?n Hoàn Ki?m,Vi?t Nam,Châu Á
386,Hà N?i,Phu?ng Hàng B?c,Qu?n Hoàn Ki?m,Vi?t Nam,Châu Á
387,Hà N?i,Phu?ng Hàng Bài,Qu?n Hoàn Ki?m,Vi?t Nam,Châu Á
388,Hà N?i,Phu?ng Hàng B?,Qu?n Hoàn Ki?m,Vi?t Nam,Châu Á
389,Hà N?i,Phu?ng Hàng Bông,Qu?n Hoàn Ki?m,Vi?t Nam,Châu Á
390,Hà N?i,Phu?ng Hàng Bu?m,Qu?n Hoàn Ki?m,Vi?t Nam,Châu Á
391,Hà N?i,Phu?ng Hàng Ðào,Qu?n Hoàn Ki?m,Vi?t Nam,Châu Á
392,Hà N?i,Phu?ng Hàng Gai,Qu?n Hoàn Ki?m,Vi?t Nam,Châu Á
393,Hà N?i,Phu?ng Hàng Mã,Qu?n Hoàn Ki?m,Vi?t Nam,Châu Á
394,Hà N?i,Phu?ng Hàng Tr?ng,Qu?n Hoàn Ki?m,Vi?t Nam,Châu Á
395,Hà N?i,Phu?ng Lý Thái T?,Qu?n Hoàn Ki?m,Vi?t Nam,Châu Á
396,Hà N?i,Phu?ng Phan Chu Trinh,Qu?n Hoàn Ki?m,Vi?t Nam,Châu Á
397,Hà N?i,Phu?ng Phúc Tân,Qu?n Hoàn Ki?m,Vi?t Nam,Châu Á
398,Hà N?i,Phu?ng Tr?n Hung Ð?o,Qu?n Hoàn Ki?m,Vi?t Nam,Châu Á
399,Hà N?i,Phu?ng Tràng Ti?n,Qu?n Hoàn Ki?m,Vi?t Nam,Châu Á
400,Hà N?i,Phu?ng B?ch Ð?ng,Qu?n Hai Bà Trung,Vi?t Nam,Châu Á
401,Hà N?i,Phu?ng Bách Khoa,Qu?n Hai Bà Trung,Vi?t Nam,Châu Á
402,Hà N?i,Phu?ng B?ch Mai,Qu?n Hai Bà Trung,Vi?t Nam,Châu Á
403,Hà N?i,Phu?ng Bùi Th? Xuân,Qu?n Hai Bà Trung,Vi?t Nam,Châu Á
404,Hà N?i,Phu?ng C?u D?n,Qu?n Hai Bà Trung,Vi?t Nam,Châu Á
405,Hà N?i,Phu?ng Ð?ng Mác,Qu?n Hai Bà Trung,Vi?t Nam,Châu Á
406,Hà N?i,Phu?ng Ð?ng Nhân,Qu?n Hai Bà Trung,Vi?t Nam,Châu Á
407,Hà N?i,Phu?ng Ð?ng Tâm,Qu?n Hai Bà Trung,Vi?t Nam,Châu Á
408,Hà N?i,Phu?ng Lê Ð?i Hành,Qu?n Hai Bà Trung,Vi?t Nam,Châu Á
409,Hà N?i,Phu?ng Minh Khai,Qu?n Hai Bà Trung,Vi?t Nam,Châu Á
410,Hà N?i,Phu?ng Ngô Thì Nh?m,Qu?n Hai Bà Trung,Vi?t Nam,Châu Á
411,Hà N?i,Phu?ng Nguy?n Du,Qu?n Hai Bà Trung,Vi?t Nam,Châu Á
412,Hà N?i,Phu?ng Ph?m Ðình H?,Qu?n Hai Bà Trung,Vi?t Nam,Châu Á
413,Hà N?i,Phu?ng Ph? Hu?,Qu?n Hai Bà Trung,Vi?t Nam,Châu Á
414,Hà N?i,Phu?ng Qu?nh Lôi,Qu?n Hai Bà Trung,Vi?t Nam,Châu Á
415,Hà N?i,Phu?ng Qu?nh Mai,Qu?n Hai Bà Trung,Vi?t Nam,Châu Á
416,Hà N?i,Phu?ng Thanh Luong,Qu?n Hai Bà Trung,Vi?t Nam,Châu Á
417,Hà N?i,Phu?ng Thanh Nhàn,Qu?n Hai Bà Trung,Vi?t Nam,Châu Á
418,Hà N?i,Phu?ng Truong Ð?nh,Qu?n Hai Bà Trung,Vi?t Nam,Châu Á
419,Hà N?i,Phu?ng Vinh Tuy,Qu?n Hai Bà Trung,Vi?t Nam,Châu Á
420,Hà N?i,Phu?ng Hà C?u,Qu?n Hà Ðông,Vi?t Nam,Châu Á
421,Hà N?i,Phu?ng La Khê,Qu?n Hà Ðông,Vi?t Nam,Châu Á
422,Hà N?i,Phu?ng M? Lao,Qu?n Hà Ðông,Vi?t Nam,Châu Á
423,Hà N?i,Phu?ng M? Lao,Qu?n Hà Ðông,Vi?t Nam,Châu Á
424,Hà N?i,Phu?ng Nguy?n Trãi,Qu?n Hà Ðông,Vi?t Nam,Châu Á
425,Hà N?i,Phu?ng Phú La,Qu?n Hà Ðông,Vi?t Nam,Châu Á
426,Hà N?i,Phu?ng Phúc La,Qu?n Hà Ðông,Vi?t Nam,Châu Á
427,Hà N?i,Phu?ng Quang Trung,Qu?n Hà Ðông,Vi?t Nam,Châu Á
428,Hà N?i,Phu?ng V?n Phúc,Qu?n Hà Ðông,Vi?t Nam,Châu Á
429,Hà N?i,Phu?ng Van Quán,Qu?n Hà Ðông,Vi?t Nam,Châu Á
430,Hà N?i,Phu?ng Yên Nghia,Qu?n Hà Ðông,Vi?t Nam,Châu Á
431,Hà N?i,Phu?ng Y?t Kiêu,Qu?n Hà Ðông,Vi?t Nam,Châu Á
432,Hà N?i,Xã Biên Giang,Qu?n Hà Ðông,Vi?t Nam,Châu Á
433,Hà N?i,Xã Ð?ng Mai,Qu?n Hà Ðông,Vi?t Nam,Châu Á
434,Hà N?i,Xã Duong N?i,Qu?n Hà Ðông,Vi?t Nam,Châu Á
435,Hà N?i,Xã Ki?n Hung,Qu?n Hà Ðông,Vi?t Nam,Châu Á
436,Hà N?i,Xã Phú Lãm,Qu?n Hà Ðông,Vi?t Nam,Châu Á
437,Hà N?i,Xã Phú Luong,Qu?n Hà Ðông,Vi?t Nam,Châu Á
438,Hà N?i,Phu?ng Cát Linh,Qu?n Ð?ng Ða,Vi?t Nam,Châu Á
439,Hà N?i,Phu?ng Hàng B?t,Qu?n Ð?ng Ða,Vi?t Nam,Châu Á
440,Hà N?i,Phu?ng Khâm Thiên,Qu?n Ð?ng Ða,Vi?t Nam,Châu Á
441,Hà N?i,Phu?ng Khuong Thu?ng,Qu?n Ð?ng Ða,Vi?t Nam,Châu Á
442,Hà N?i,Phu?ng Kim Liên,Qu?n Ð?ng Ða,Vi?t Nam,Châu Á
443,Hà N?i,Phu?ng Láng H?,Qu?n Ð?ng Ða,Vi?t Nam,Châu Á
444,Hà N?i,Phu?ng Láng Thu?ng,Qu?n Ð?ng Ða,Vi?t Nam,Châu Á
445,Hà N?i,Phu?ng Nam Ð?ng,Qu?n Ð?ng Ða,Vi?t Nam,Châu Á
446,Hà N?i,Phu?ng Ngã Tu S?,Qu?n Ð?ng Ða,Vi?t Nam,Châu Á
447,Hà N?i,Phu?ng ô Ch? D?a,Qu?n Ð?ng Ða,Vi?t Nam,Châu Á
448,Hà N?i,Phu?ng Phuong Liên,Qu?n Ð?ng Ða,Vi?t Nam,Châu Á
449,Hà N?i,Phu?ng Phuong Mai,Qu?n Ð?ng Ða,Vi?t Nam,Châu Á
450,Hà N?i,Phu?ng Quang Trung,Qu?n Ð?ng Ða,Vi?t Nam,Châu Á
451,Hà N?i,Phu?ng Qu?c T? Giám,Qu?n Ð?ng Ða,Vi?t Nam,Châu Á
452,Hà N?i,Phu?ng Th?nh Quang,Qu?n Ð?ng Ða,Vi?t Nam,Châu Á
453,Hà N?i,Phu?ng Th? Quan,Qu?n Ð?ng Ða,Vi?t Nam,Châu Á
454,Hà N?i,Phu?ng Trung Li?t,Qu?n Ð?ng Ða,Vi?t Nam,Châu Á
455,Hà N?i,Phu?ng Trung Ph?ng,Qu?n Ð?ng Ða,Vi?t Nam,Châu Á
456,Hà N?i,Phu?ng Trung T?,Qu?n Ð?ng Ða,Vi?t Nam,Châu Á
457,Hà N?i,Phu?ng Van Chuong,Qu?n Ð?ng Ða,Vi?t Nam,Châu Á
458,Hà N?i,Phu?ng Van Mi?u,Qu?n Ð?ng Ða,Vi?t Nam,Châu Á
459,Hà N?i,Phu?ng D?ch V?ng,Qu?n C?u Gi?y,Vi?t Nam,Châu Á
460,Hà N?i,Phu?ng D?ch V?ng H?u,Qu?n C?u Gi?y,Vi?t Nam,Châu Á
461,Hà N?i,Phu?ng Mai D?ch,Qu?n C?u Gi?y,Vi?t Nam,Châu Á
462,Hà N?i,Phu?ng Nghia Ðô,Qu?n C?u Gi?y,Vi?t Nam,Châu Á
463,Hà N?i,Phu?ng Nghia Tân,Qu?n C?u Gi?y,Vi?t Nam,Châu Á
464,Hà N?i,Phu?ng Quan Hoa,Qu?n C?u Gi?y,Vi?t Nam,Châu Á
465,Hà N?i,Phu?ng Trung Hoà,Qu?n C?u Gi?y,Vi?t Nam,Châu Á
466,Hà N?i,Phu?ng Yên Hoà,Qu?n C?u Gi?y,Vi?t Nam,Châu Á
467,Hà N?i,Phu?ng C? Nhu?,Qu?n B?c T? Liêm,Vi?t Nam,Châu Á
468,Hà N?i,Phu?ng C? Nhu? 1,Qu?n B?c T? Liêm,Vi?t Nam,Châu Á
469,Hà N?i,Phu?ng C? Nhu? 2,Qu?n B?c T? Liêm,Vi?t Nam,Châu Á
470,Hà N?i,Phu?ng Ðông Ng?c,Qu?n B?c T? Liêm,Vi?t Nam,Châu Á
471,Hà N?i,Phu?ng Ð?c Th?ng,Qu?n B?c T? Liêm,Vi?t Nam,Châu Á
472,Hà N?i,Phu?ng Liên M?c,Qu?n B?c T? Liêm,Vi?t Nam,Châu Á
473,Hà N?i,Phu?ng Minh Khai,Qu?n B?c T? Liêm,Vi?t Nam,Châu Á
474,Hà N?i,Phu?ng Phú Di?n,Qu?n B?c T? Liêm,Vi?t Nam,Châu Á
475,Hà N?i,Phu?ng Phúc Di?n,Qu?n B?c T? Liêm,Vi?t Nam,Châu Á
476,Hà N?i,Phu?ng Tây T?u,Qu?n B?c T? Liêm,Vi?t Nam,Châu Á
477,Hà N?i,Phu?ng Thu?ng Cát,Qu?n B?c T? Liêm,Vi?t Nam,Châu Á
478,Hà N?i,Phu?ng Th?y Phuong,Qu?n B?c T? Liêm,Vi?t Nam,Châu Á
479,Hà N?i,Phu?ng Xuân Ð?nh,Qu?n B?c T? Liêm,Vi?t Nam,Châu Á
480,Hà N?i,Phu?ng Xuân T?o,Qu?n B?c T? Liêm,Vi?t Nam,Châu Á
481,Hà N?i,Phu?ng Nguy?n Trung Tr?c,Qu?n Ba Ðình,Vi?t Nam,Châu Á
482,Hà N?i,Phu?ng C?ng V?,Qu?n Ba Ðình,Vi?t Nam,Châu Á
483,Hà N?i,Phu?ng Ði?n Biên,Qu?n Ba Ðình,Vi?t Nam,Châu Á
484,Hà N?i,Phu?ng Ð?i C?n,Qu?n Ba Ðình,Vi?t Nam,Châu Á
485,Hà N?i,Phu?ng Gi?ng Võ,Qu?n Ba Ðình,Vi?t Nam,Châu Á
486,Hà N?i,Phu?ng Kim Mã,Qu?n Ba Ðình,Vi?t Nam,Châu Á
487,Hà N?i,Phu?ng Li?u Giai,Qu?n Ba Ðình,Vi?t Nam,Châu Á
488,Hà N?i,Phu?ng Ng?c Hà,Qu?n Ba Ðình,Vi?t Nam,Châu Á
489,Hà N?i,Phu?ng Ng?c Khánh,Qu?n Ba Ðình,Vi?t Nam,Châu Á
490,Hà N?i,Phu?ng Phúc Xá,Qu?n Ba Ðình,Vi?t Nam,Châu Á
491,Hà N?i,Phu?ng Quán Thánh,Qu?n Ba Ðình,Vi?t Nam,Châu Á
492,Hà N?i,Phu?ng Thành Công,Qu?n Ba Ðình,Vi?t Nam,Châu Á
493,Hà N?i,Phu?ng Trúc B?ch,Qu?n Ba Ðình,Vi?t Nam,Châu Á
494,Hà N?i,Phu?ng Vinh Phúc,Qu?n Ba Ðình,Vi?t Nam,Châu Á
495,Bà R?a - Vung Tàu,Th? tr?n Long Ði?n,Huy?n Long Ði?n,Vi?t Nam,Châu Á
496,Bà R?a - Vung Tàu,Th? tr?n Long H?i,Huy?n Long Ði?n,Vi?t Nam,Châu Á
497,Bà R?a - Vung Tàu,Xã An Ngãi,Huy?n Long Ði?n,Vi?t Nam,Châu Á
498,Bà R?a - Vung Tàu,Xã An Nh?t,Huy?n Long Ði?n,Vi?t Nam,Châu Á
499,Bà R?a - Vung Tàu,Xã Phu?c Hung,Huy?n Long Ði?n,Vi?t Nam,Châu Á
500,Bà R?a - Vung Tàu,Xã Phu?c T?nh,Huy?n Long Ði?n,Vi?t Nam,Châu Á
501,Bà R?a - Vung Tàu,Xã Tam Phu?c,Huy?n Long Ði?n,Vi?t Nam,Châu Á
502,Bà R?a - Vung Tàu,Th? tr?n Ngãi Giao,Huy?n Châu Ð?c,Vi?t Nam,Châu Á
503,Bà R?a - Vung Tàu,Xã Bàu Chinh,Huy?n Châu Ð?c,Vi?t Nam,Châu Á
504,Bà R?a - Vung Tàu,Xã Bình Ba,Huy?n Châu Ð?c,Vi?t Nam,Châu Á
505,Bà R?a - Vung Tàu,Xã Bình Giã,Huy?n Châu Ð?c,Vi?t Nam,Châu Á
506,Bà R?a - Vung Tàu,Xã Bình Trung,Huy?n Châu Ð?c,Vi?t Nam,Châu Á
507,Bà R?a - Vung Tàu,Xã Cù B?,Huy?n Châu Ð?c,Vi?t Nam,Châu Á
508,Bà R?a - Vung Tàu,Xã Láng L?n,Huy?n Châu Ð?c,Vi?t Nam,Châu Á
509,Bà R?a - Vung Tàu,Xã Qu?ng Thành,Huy?n Châu Ð?c,Vi?t Nam,Châu Á
510,Bà R?a - Vung Tàu,Xã Su?i Ngh?,Huy?n Châu Ð?c,Vi?t Nam,Châu Á
511,Bà R?a - Vung Tàu,Xã Su?i Rao,Huy?n Châu Ð?c,Vi?t Nam,Châu Á
512,Bà R?a - Vung Tàu,Th? tr?n Phu?c B?u,Huy?n Xuyên M?c,Vi?t Nam,Châu Á
513,Bà R?a - Vung Tàu,Xã Bàu Lâm,Huy?n Xuyên M?c,Vi?t Nam,Châu Á
514,Bà R?a - Vung Tàu,Xã Bình Châu,Huy?n Xuyên M?c,Vi?t Nam,Châu Á
515,Bà R?a - Vung Tàu,Xã Hòa Bình,Huy?n Xuyên M?c,Vi?t Nam,Châu Á
516,Bà R?a - Vung Tàu,Xã Hòa Hi?p,Huy?n Xuyên M?c,Vi?t Nam,Châu Á
517,Bà R?a - Vung Tàu,Xã Hòa H?i,Huy?n Xuyên M?c,Vi?t Nam,Châu Á
518,Bà R?a - Vung Tàu,Xã Hòa Hung,Huy?n Xuyên M?c,Vi?t Nam,Châu Á
519,Bà R?a - Vung Tàu,Xã Phu?c Tân,Huy?n Xuyên M?c,Vi?t Nam,Châu Á
520,Bà R?a - Vung Tàu,Xã Phu?c Thu?n,Huy?n Xuyên M?c,Vi?t Nam,Châu Á
521,Bà R?a - Vung Tàu,Xã Tân Lâm,Huy?n Xuyên M?c,Vi?t Nam,Châu Á
522,Bình Duong,Th? tr?n D?u Ti?ng,Huy?n D?u Ti?ng,Vi?t Nam,Châu Á
523,Bình Duong,Xã An L?p,Huy?n D?u Ti?ng,Vi?t Nam,Châu Á
524,Bình Duong,Xã Ð?nh An,Huy?n D?u Ti?ng,Vi?t Nam,Châu Á
525,Bình Duong,Xã Ð?nh Hi?p,Huy?n D?u Ti?ng,Vi?t Nam,Châu Á
526,Bình Duong,Xã Ð?nh Thành,Huy?n D?u Ti?ng,Vi?t Nam,Châu Á
527,Bình Duong,Xã Long Hoà,Huy?n D?u Ti?ng,Vi?t Nam,Châu Á
528,Bình Duong,Xã Long Tân,Huy?n D?u Ti?ng,Vi?t Nam,Châu Á
529,Bình Duong,Xã Minh Hoà,Huy?n D?u Ti?ng,Vi?t Nam,Châu Á
530,Bình Duong,Xã Minh Tân,Huy?n D?u Ti?ng,Vi?t Nam,Châu Á
531,Bình Duong,Xã Minh Th?nh,Huy?n D?u Ti?ng,Vi?t Nam,Châu Á
532,Bình Duong,Xã Thanh An,Huy?n D?u Ti?ng,Vi?t Nam,Châu Á
533,Bình Duong,Xã Thanh Tuy?n,Huy?n D?u Ti?ng,Vi?t Nam,Châu Á
534,Bình Duong,Th? tr?n Phu?c Vinh,Huy?n Phú Giáo,Vi?t Nam,Châu Á
535,Bình Duong,Xã An Bình,Huy?n Phú Giáo,Vi?t Nam,Châu Á
536,Bình Duong,Xã An Linh,Huy?n Phú Giáo,Vi?t Nam,Châu Á
537,Bình Duong,Xã An Long,Huy?n Phú Giáo,Vi?t Nam,Châu Á
538,Bình Duong,Xã An Thái,Huy?n Phú Giáo,Vi?t Nam,Châu Á
539,Bình Duong,Xã Phu?c Hoà,Huy?n Phú Giáo,Vi?t Nam,Châu Á
540,Bình Duong,Xã Phu?c Sang,Huy?n Phú Giáo,Vi?t Nam,Châu Á
541,Bình Duong,Xã Tam L?p,Huy?n Phú Giáo,Vi?t Nam,Châu Á
542,Bình Duong,Xã Tân Hi?p,Huy?n Phú Giáo,Vi?t Nam,Châu Á
543,Bình Duong,Xã Tân Long,Huy?n Phú Giáo,Vi?t Nam,Châu Á
544,Bình Duong,Xã Vinh Hoà,Huy?n Phú Giáo,Vi?t Nam,Châu Á
545,Ð?ng Nai,An Hòa,TP. Biên Hòa,Vi?t Nam,Châu Á
546,Ð?ng Nai,Long Hung,TP. Biên Hòa,Vi?t Nam,Châu Á
547,Ð?ng Nai,Phu?c Tân,TP. Biên Hòa,Vi?t Nam,Châu Á
548,Ð?ng Nai,Phu?ng An Bình,TP. Biên Hòa,Vi?t Nam,Châu Á
549,Ð?ng Nai,Phu?ng Bình Ða,TP. Biên Hòa,Vi?t Nam,Châu Á
550,Ð?ng Nai,Phu?ng B?u Hòa,TP. Biên Hòa,Vi?t Nam,Châu Á
551,Ð?ng Nai,Phu?ng B?u Long,TP. Biên Hòa,Vi?t Nam,Châu Á
552,Ð?ng Nai,Phu?ng H? Nai,TP. Biên Hòa,Vi?t Nam,Châu Á
553,Ð?ng Nai,Phu?ng Hòa Bình,TP. Biên Hòa,Vi?t Nam,Châu Á
554,Ð?ng Nai,Phu?ng Long Bình,TP. Biên Hòa,Vi?t Nam,Châu Á
555,Ð?ng Nai,Phu?ng Long Bình Tân,TP. Biên Hòa,Vi?t Nam,Châu Á
556,Ð?ng Nai,Phu?ng Quang Vinh,TP. Biên Hòa,Vi?t Nam,Châu Á
557,Ð?ng Nai,Phu?ng Quy?t Th?ng,TP. Biên Hòa,Vi?t Nam,Châu Á
558,Ð?ng Nai,Phu?ng Tam Hi?p,TP. Biên Hòa,Vi?t Nam,Châu Á
559,Ð?ng Nai,Phu?ng Tam Hòa,TP. Biên Hòa,Vi?t Nam,Châu Á
560,Ð?ng Nai,Phu?ng Tân Biên,TP. Biên Hòa,Vi?t Nam,Châu Á
561,Ð?ng Nai,Phu?ng Tân Hi?p,TP. Biên Hòa,Vi?t Nam,Châu Á
562,Ð?ng Nai,Phu?ng Tân Hòa,TP. Biên Hòa,Vi?t Nam,Châu Á
563,Ð?ng Nai,Phu?ng Tân Mai,TP. Biên Hòa,Vi?t Nam,Châu Á
564,Ð?ng Nai,Phu?ng Tân Phong,TP. Biên Hòa,Vi?t Nam,Châu Á
565,Ð?ng Nai,Phu?ng Tân Ti?n,TP. Biên Hòa,Vi?t Nam,Châu Á
566,Ð?ng Nai,Phu?ng Tân V?n,TP. Biên Hòa,Vi?t Nam,Châu Á
567,Ð?ng Nai,Phu?ng Thanh Bình,TP. Biên Hòa,Vi?t Nam,Châu Á
568,Ð?ng Nai,Phu?ng Th?ng Nh?t,TP. Biên Hòa,Vi?t Nam,Châu Á
569,Ð?ng Nai,Phu?ng Tr?ng Dài,TP. Biên Hòa,Vi?t Nam,Châu Á
570,Ð?ng Nai,Phu?ng Trung Dung,TP. Biên Hòa,Vi?t Nam,Châu Á
571,Ð?ng Nai,Tam Phu?c,TP. Biên Hòa,Vi?t Nam,Châu Á
572,Ð?ng Nai,Xã Hi?p Hòa,TP. Biên Hòa,Vi?t Nam,Châu Á
573,Ð?ng Nai,Xã Hóa An,TP. Biên Hòa,Vi?t Nam,Châu Á
574,Ð?ng Nai,Xã Tân H?nh,TP. Biên Hòa,Vi?t Nam,Châu Á
575,Ð?ng Nai,Th? tr?n Long Thành,Huy?n Long Thành,Vi?t Nam,Châu Á
576,Ð?ng Nai,Xã C?m Ðu?ng,Huy?n Long Thành,Vi?t Nam,Châu Á
577,Ð?ng Nai,Xã L?c An,Huy?n Long Thành,Vi?t Nam,Châu Á
578,Ð?ng Nai,Xã Bình Son,Huy?n Long Thành,Vi?t Nam,Châu Á
579,Ð?ng Nai,Xã Long Ð?c,Huy?n Long Thành,Vi?t Nam,Châu Á
580,Ð?ng Nai,Xã Long Phu?c,Huy?n Long Thành,Vi?t Nam,Châu Á
581,Ð?ng Nai,Xã Tam An,Huy?n Long Thành,Vi?t Nam,Châu Á
582,Ð?ng Nai,Xã Tân Hi?p,Huy?n Long Thành,Vi?t Nam,Châu Á
583,Ð?ng Nai,Xã Su?i Tr?u,Huy?n Long Thành,Vi?t Nam,Châu Á
584,Ð?ng Nai,Xã Phu?c Bình,Huy?n Long Thành,Vi?t Nam,Châu Á
585,Ð?ng Nai,Qu?ng Ti?n,Huy?n Th?ng Nh?t,Vi?t Nam,Châu Á
586,Ð?ng Nai,Xã Gia Ki?m,Huy?n Th?ng Nh?t,Vi?t Nam,Châu Á
587,Ð?ng Nai,Xã Hung L?c,Huy?n Th?ng Nh?t,Vi?t Nam,Châu Á
588,Ð?ng Nai,Xã Xuân Th?nh,Huy?n Th?ng Nh?t,Vi?t Nam,Châu Á
589,Ð?ng Nai,Xã Quang Trung,Huy?n Th?ng Nh?t,Vi?t Nam,Châu Á
590,Ð?ng Nai,Xã Ð?i Phu?c,Huy?n Nhon Tr?ch,Vi?t Nam,Châu Á
591,Ð?ng Nai,Xã Hi?p Phu?c,Huy?n Nhon Tr?ch,Vi?t Nam,Châu Á
592,Ð?ng Nai,Xã Long Tân,Huy?n Nhon Tr?ch,Vi?t Nam,Châu Á
593,Ð?ng Nai,Xã Long Th?,Huy?n Nhon Tr?ch,Vi?t Nam,Châu Á
594,Ð?ng Nai,Xã Phú Ðông,Huy?n Nhon Tr?ch,Vi?t Nam,Châu Á
595,Ð?ng Nai,Xã Phú H?i,Huy?n Nhon Tr?ch,Vi?t Nam,Châu Á
596,Ð?ng Nai,Xã Phú H?u,Huy?n Nhon Tr?ch,Vi?t Nam,Châu Á
597,Ð?ng Nai,Xã Phú Th?nh,Huy?n Nhon Tr?ch,Vi?t Nam,Châu Á
598,Ð?ng Nai,Xã Phu?c An,Huy?n Nhon Tr?ch,Vi?t Nam,Châu Á
599,Ð?ng Nai,Xã Phu?c Khánh,Huy?n Nhon Tr?ch,Vi?t Nam,Châu Á
600,Ðà N?ng,Hòa Phát,Qu?n C?m L?,Vi?t Nam,Châu Á
601,Ðà N?ng,Phu?ng Hoà An,Qu?n C?m L?,Vi?t Nam,Châu Á
602,Ðà N?ng,Phu?ng Hoà Phát,Qu?n C?m L?,Vi?t Nam,Châu Á
603,Ðà N?ng,Phu?ng Hoà Th? Ðông,Qu?n C?m L?,Vi?t Nam,Châu Á
604,Ðà N?ng,Phu?ng Hoà Th? Tây,Qu?n C?m L?,Vi?t Nam,Châu Á
605,Ðà N?ng,Phu?ng Hoà Xuân,Qu?n C?m L?,Vi?t Nam,Châu Á
606,Ðà N?ng,Phu?ng Khuê Trung,Qu?n C?m L?,Vi?t Nam,Châu Á
607,Ðà N?ng,Phu?ng Hoà Hi?p B?c,Qu?n Liên Chi?u,Vi?t Nam,Châu Á
608,Ðà N?ng,Phu?ng Hoà Hi?p Nam,Qu?n Liên Chi?u,Vi?t Nam,Châu Á
609,Ðà N?ng,Phu?ng Hoà Khánh B?c,Qu?n Liên Chi?u,Vi?t Nam,Châu Á
610,Ðà N?ng,Phu?ng Hoà Khánh Nam,Qu?n Liên Chi?u,Vi?t Nam,Châu Á
611,Ðà N?ng,Phu?ng Hoà Minh,Qu?n Liên Chi?u,Vi?t Nam,Châu Á
612,Ðà N?ng,Phu?ng Bình Hiên,Qu?n H?i Châu,Vi?t Nam,Châu Á
613,Ðà N?ng,Phu?ng Bình Thu?n,Qu?n H?i Châu,Vi?t Nam,Châu Á
614,Ðà N?ng,Phu?ng H?i Châu I,Qu?n H?i Châu,Vi?t Nam,Châu Á
615,Ðà N?ng,Phu?ng H?i Châu II,Qu?n H?i Châu,Vi?t Nam,Châu Á
616,Ðà N?ng,Phu?ng Hoà Cu?ng B?c,Qu?n H?i Châu,Vi?t Nam,Châu Á
617,Ðà N?ng,Phu?ng Hoà Cu?ng Nam,Qu?n H?i Châu,Vi?t Nam,Châu Á
618,Ðà N?ng,Phu?ng Hoà Thu?n Ðông,Qu?n H?i Châu,Vi?t Nam,Châu Á
619,Ðà N?ng,Phu?ng Hoà Thu?n Tây,Qu?n H?i Châu,Vi?t Nam,Châu Á
620,Ðà N?ng,Phu?ng Nam Duong,Qu?n H?i Châu,Vi?t Nam,Châu Á
621,Ðà N?ng,Phu?ng Phu?c Ninh,Qu?n H?i Châu,Vi?t Nam,Châu Á
622,Ðà N?ng,Phu?ng Th?ch Thang,Qu?n H?i Châu,Vi?t Nam,Châu Á
623,Ðà N?ng,Phu?ng Thanh Bình,Qu?n H?i Châu,Vi?t Nam,Châu Á
624,Ðà N?ng,Phu?ng Thu?n Phu?c,Qu?n H?i Châu,Vi?t Nam,Châu Á
625,Khánh Hòa,Phu?ng Cam L?i,TP. Cam Ranh,Vi?t Nam,Châu Á
626,Khánh Hòa,Phu?ng Cam Thu?n,TP. Cam Ranh,Vi?t Nam,Châu Á
627,Khánh Hòa,Xã Cam Bình,TP. Cam Ranh,Vi?t Nam,Châu Á
628,Khánh Hòa,Xã Cam Th?nh Ðông,TP. Cam Ranh,Vi?t Nam,Châu Á
629,Khánh Hòa,Phu?ng Ba Ngòi,TP. Cam Ranh,Vi?t Nam,Châu Á
630,Kiên Giang,Th? tr?n Minh Luong,Huy?n Châu Thành,Vi?t Nam,Châu Á
631,Kiên Giang,Xã Minh Hòa,Huy?n Châu Thành,Vi?t Nam,Châu Á
632,Kiên Giang,Xã Th?nh L?c,Huy?n Châu Thành,Vi?t Nam,Châu Á
633,Kiên Giang,Xã Vinh Hoà Phú,Huy?n Châu Thành,Vi?t Nam,Châu Á
634,Kiên Giang,Xã Mong Th? A,Huy?n Châu Thành,Vi?t Nam,Châu Á
635,An Giang,Phu?ng Bình Ð?c,TP. Long Xuyên,Vi?t Nam,Châu Á
636,An Giang,Phu?ng Bình Khánh,TP. Long Xuyên,Vi?t Nam,Châu Á
637,An Giang,Phu?ng Ðông Xuyên,TP. Long Xuyên,Vi?t Nam,Châu Á
638,An Giang,Phu?ng M? Hòa,TP. Long Xuyên,Vi?t Nam,Châu Á
639,An Giang,Xã M? Khánh,TP. Long Xuyên,Vi?t Nam,Châu Á
640,Bình Phu?c,Th? tr?n An L?c,Th? xã Bình Long,Vi?t Nam,Châu Á
641,Bình Phu?c,Xã An Khuong,Th? xã Bình Long,Vi?t Nam,Châu Á
642,Bình Phu?c,Xã An Phú,Th? xã Bình Long,Vi?t Nam,Châu Á
643,Bình Phu?c,Xã Thanh Bình,Th? xã Bình Long,Vi?t Nam,Châu Á
644,Bình Phu?c,Xã Thanh Phú,Th? xã Bình Long,Vi?t Nam,Châu Á
645,C?n Tho,Phu?ng An Cu,Qu?n Ninh Ki?u,Vi?t Nam,Châu Á
646,C?n Tho,Phu?ng An H?i,Qu?n Ninh Ki?u,Vi?t Nam,Châu Á
647,C?n Tho,Phu?ng An Khánh,Qu?n Ninh Ki?u,Vi?t Nam,Châu Á
648,C?n Tho,Phu?ng An L?c,Qu?n Ninh Ki?u,Vi?t Nam,Châu Á
649,C?n Tho,Phu?ng Xuân Khánh,Qu?n Ninh Ki?u,Vi?t Nam,Châu Á
650,Ð?ng Tháp,Phu?ng M? Phú,TP. Cao Lãnh,Vi?t Nam,Châu Á
651,Ð?ng Tháp,Xã Hòa An,TP. Cao Lãnh,Vi?t Nam,Châu Á
652,Ð?ng Tháp,Xã M? Ngãi,TP. Cao Lãnh,Vi?t Nam,Châu Á
653,Ð?ng Tháp,Xã M? Tân,TP. Cao Lãnh,Vi?t Nam,Châu Á
654,Ð?ng Tháp,Xã Tân Thu?n Ðông,TP. Cao Lãnh,Vi?t Nam,Châu Á
655,Thanh Hóa,Phu?ng B?c Son,TP. S?m Son,Vi?t Nam,Châu Á
656,Thanh Hóa,Phu?ng Trung Son,TP. S?m Son,Vi?t Nam,Châu Á
657,Thanh Hóa,Qu?ng Châu,TP. S?m Son,Vi?t Nam,Châu Á
658,Thanh Hóa,Xã Qu?ng Minh,TP. S?m Son,Vi?t Nam,Châu Á
659,Thanh Hóa,Xã Qu?ng Vinh,TP. S?m Son,Vi?t Nam,Châu Á
660,Thái Bình,Phu?ng B? Xuyên,TP. Thái Bình,Vi?t Nam,Châu Á
661,Thái Bình,Phu?ng Ð? Thám,TP. Thái Bình,Vi?t Nam,Châu Á
662,Thái Bình,Phu?ng Hoàng Di?u,TP. Thái Bình,Vi?t Nam,Châu Á
663,Thái Bình,Xã Ðông Hòa,TP. Thái Bình,Vi?t Nam,Châu Á
664,Thái Bình,Xã Vu L?c,TP. Thái Bình,Vi?t Nam,Châu Á
665,Kon Tum,Phu?ng Duy Tân,TP. Kon Tum,Vi?t Nam,Châu Á
666,Kon Tum,Phu?ng Lê L?i,TP. Kon Tum,Vi?t Nam,Châu Á
667,Kon Tum,Phu?ng Ngô Mây,TP. Kon Tum,Vi?t Nam,Châu Á
668,Kon Tum,Phu?ng Quy?t Th?ng,TP. Kon Tum,Vi?t Nam,Châu Á
669,Kon Tum,Phu?ng Tru?ng Chinh,TP. Kon Tum,Vi?t Nam,Châu Á
670,Lai Châu,Ðông Phong,TP. Lai Châu,Vi?t Nam,Châu Á
671,Lai Châu,Phu?ng Ðoàn K?t,TP. Lai Châu,Vi?t Nam,Châu Á
672,Lai Châu,Phu?ng Tân Phong,TP. Lai Châu,Vi?t Nam,Châu Á
673,Lai Châu,Xã N?m Loong,TP. Lai Châu,Vi?t Nam,Châu Á
674,Lai Châu,Xã San Thàng,TP. Lai Châu,Vi?t Nam,Châu Á
675,Lâm Ð?ng,Phu?ng L?c Phát,TP. B?o L?c,Vi?t Nam,Châu Á
676,Lâm Ð?ng,Phu?ng L?c Son,TP. B?o L?c,Vi?t Nam,Châu Á
677,Lâm Ð?ng,Phu?ng L?c Ti?n,TP. B?o L?c,Vi?t Nam,Châu Á
678,Lâm Ð?ng,Xã Ð?i Lào,TP. B?o L?c,Vi?t Nam,Châu Á
679,Lâm Ð?ng,Xã L?c Thanh,TP. B?o L?c,Vi?t Nam,Châu Á
680,B?c Giang,Phu?ng Hoàng Van Th?,TP. B?c Giang,Vi?t Nam,Châu Á
681,B?c Giang,Phu?ng Lê L?i,TP. B?c Giang,Vi?t Nam,Châu Á
682,B?c Giang,Phu?ng M? Ð?,TP. B?c Giang,Vi?t Nam,Châu Á
683,B?c Giang,Phu?ng Th? Xuong,TP. B?c Giang,Vi?t Nam,Châu Á
684,B?c Giang,Xã Ð?ng Son,TP. B?c Giang,Vi?t Nam,Châu Á
685,L?ng Son,Th? tr?n B?c Son,Huy?n B?c Son,Vi?t Nam,Châu Á
686,L?ng Son,Xã Chi?n Th?ng,Huy?n B?c Son,Vi?t Nam,Châu Á
687,L?ng Son,Xã Chiêu Vu,Huy?n B?c Son,Vi?t Nam,Châu Á
688,L?ng Son,Xã Qu?nh Son,Huy?n B?c Son,Vi?t Nam,Châu Á
689,L?ng Son,Xã Tân L?p,Huy?n B?c Son,Vi?t Nam,Châu Á
690,B?c K?n,Phu?ng Ð?c Xuân,TP. B?c K?n,Vi?t Nam,Châu Á
691,B?c K?n,Phu?ng Phùng Chí Kiên,TP. B?c K?n,Vi?t Nam,Châu Á
692,B?c K?n,Xã Duong Quang,TP. B?c K?n,Vi?t Nam,Châu Á
693,B?c K?n,Xã Nông Thu?ng,TP. B?c K?n,Vi?t Nam,Châu Á
694,B?c K?n,Xã Xu?t Hoá,TP. B?c K?n,Vi?t Nam,Châu Á
695,Lào Cai,Phu?ng B?c Cu?ng,TP. Lào Cai,Vi?t Nam,Châu Á
696,Lào Cai,Phu?ng B?c L?nh,TP. Lào Cai,Vi?t Nam,Châu Á
697,Lào Cai,Phu?ng Bình Minh,TP. Lào Cai,Vi?t Nam,Châu Á
698,Lào Cai,Xã Cam Ðu?ng,TP. Lào Cai,Vi?t Nam,Châu Á
699,Lào Cai,Xã H?p Thành,TP. Lào Cai,Vi?t Nam,Châu Á
700,B?c Liêu,Xã Hi?p Thành,TP. B?c Liêu,Vi?t Nam,Châu Á
701,B?c Liêu,Xã Vinh Tr?ch,TP. B?c Liêu,Vi?t Nam,Châu Á
702,B?c Liêu,Xã Vinh Tr?ch Ðông,TP. B?c Liêu,Vi?t Nam,Châu Á
703,Long An,Phu?ng Khánh H?u,TP. Tân An,Vi?t Nam,Châu Á
704,Long An,Phu?ng Tân Khánh,TP. Tân An,Vi?t Nam,Châu Á
705,Long An,Xã An Vinh Ngãi,TP. Tân An,Vi?t Nam,Châu Á
706,Long An,Xã Bình Tâm,TP. Tân An,Vi?t Nam,Châu Á
707,Long An,Xã Nhon Th?nh Trung,TP. Tân An,Vi?t Nam,Châu Á
708,B?c Ninh,Phu?ng Ð?i Phúc,TP. B?c Ninh,Vi?t Nam,Châu Á
709,B?c Ninh,Phu?ng Su?i Hoa,TP. B?c Ninh,Vi?t Nam,Châu Á
710,B?c Ninh,Phu?ng Ti?n An,TP. B?c Ninh,Vi?t Nam,Châu Á
711,B?c Ninh,Xã Hòa Long,TP. B?c Ninh,Vi?t Nam,Châu Á
712,B?c Ninh,Xã Nam Son,TP. B?c Ninh,Vi?t Nam,Châu Á
713,Nam Ð?nh,Phu?ng Bà Tri?u,TP. Nam Ð?nh,Vi?t Nam,Châu Á
714,B?n Tre,Phu?ng Phú Khuong,TP. B?n Tre,Vi?t Nam,Châu Á
715,Ngh? An,Th? tr?n Anh Son,Huy?n Anh Son,Vi?t Nam,Châu Á
716,Bình Ð?nh,Phu?ng Bùi Th? Xuân,TP. Quy Nhon,Vi?t Nam,Châu Á
717,Ninh Bình,Phu?ng Ðông Thành,TP. Ninh Bình,Vi?t Nam,Châu Á
718,Ninh Thu?n,Phu?ng B?o An,TP. Phan Rang-Tháp Chàm,Vi?t Nam,Châu Á
719,Phú Th?,Xã Tam Son,Huy?n C?m Khê,Vi?t Nam,Châu Á
720,Bình Thu?n,Phu?ng Bình Hung,TP. Phan Thi?t,Vi?t Nam,Châu Á
721,Phú Yên,Xã Xuân Lãnh,Huy?n Ð?ng Xuân,Vi?t Nam,Châu Á
722,Cà Mau,Tân Xuyên,TP. Cà Mau,Vi?t Nam,Châu Á
723,Qu?ng Bình,Phu?ng B?c Lý,TP. Ð?ng H?i,Vi?t Nam,Châu Á
724,Qu?ng Nam,Phu?ng An M?,TP. Tam K?,Vi?t Nam,Châu Á
725,Cao B?ng,Xã Ð?c H?nh,Huy?n B?o Lâm,Vi?t Nam,Châu Á
726,Qu?ng Ngãi,Phu?ng Nghia Chánh,TP. Qu?ng Ngãi,Vi?t Nam,Châu Á
727,Ð?k L?k,Phu?ng Khánh Xuân,TP. Buôn Ma Thu?t,Vi?t Nam,Châu Á
728,Qu?ng Ninh,Phu?ng B?ch Ð?ng,TP. H? Long,Vi?t Nam,Châu Á
729,Ð?k Nông,Th? tr?n Ð?k Mil,Huy?n Ðak Mil,Vi?t Nam,Châu Á
730,Qu?ng Tr?,Th? tr?n Cam L?,Huy?n Cam L?,Vi?t Nam,Châu Á
731,Ði?n Biên,Phu?ng Mu?ng Thanh,TP. Ði?n Biên Ph?,Vi?t Nam,Châu Á
732,Sóc Trang,Th? tr?n Châu Thành,Huy?n Châu Thành,Vi?t Nam,Châu Á
733,Son La,Phu?ng Chi?ng An,TP. Son La,Vi?t Nam,Châu Á
734,Tây Ninh,Phu?ng Hi?p Ninh,TP. Tây Ninh,Vi?t Nam,Châu Á
735,Gia Lai,Phu?ng Tây Son,Th? xã An Khê,Vi?t Nam,Châu Á
736,Hà Giang,Phu?ng Minh Khai,TP. Hà Giang,Vi?t Nam,Châu Á
737,Thái Nguyên,Th? tr?n Ð?i T?,Huy?n Ð?i T?,Vi?t Nam,Châu Á
738,Hà Nam,Th? tr?n Bình M?,Huy?n Bình L?c,Vi?t Nam,Châu Á
739,Hà Tinh,Phu?ng B?c Hà,TP. Hà Tinh,Vi?t Nam,Châu Á
740,Th?a Thiên Hu?,Phu?ng An Ðông,TP. Hu?,Vi?t Nam,Châu Á
741,H?i Duong,Phu?ng Ph?m Ngu Lão,TP. H?i Duong,Vi?t Nam,Châu Á
742,Ti?n Giang,Th? tr?n Cái Bè,Huy?n Cái Bè,Vi?t Nam,Châu Á
743,H?i Phòng,Th? tr?n An Duong,Huy?n An Duong,Vi?t Nam,Châu Á
744,Trà Vinh,Xã Long Ð?c,TP. Trà Vinh,Vi?t Nam,Châu Á
745,H?u Giang,Xã Ðông Th?nh,Huy?n Châu Thành,Vi?t Nam,Châu Á
746,Tuyên Quang,Phu?ng Ð?i C?n,TP. Tuyên Quang,Vi?t Nam,Châu Á
747,Hòa Bình,Phu?ng Ð?ng Ti?n,TP. Hòa Bình,Vi?t Nam,Châu Á
748,Vinh Long,Xã Tân Hòa,TP. Vinh Long,Vi?t Nam,Châu Á
749,Hung Yên,Phu?ng An T?o,TP. Hung Yên,Vi?t Nam,Châu Á
750,Vinh Phúc,Phu?ng Tích Son,TP. Vinh Yên,Vi?t Nam,Châu Á
751,Yên Bái,Th? tr?n Yên Th?,Huy?n L?c Yên,Vi?t Nam,Châu Á
752,Yên Bái,Xã Mu?ng Lai,Huy?n L?c Yên,Vi?t Nam,Châu Á
753,Yên Bái,Xã An L?c,Huy?n L?c Yên,Vi?t Nam,Châu Á
754,Yên Bái,Phu?ng Ð?ng Tâm,TP. Yên Bái,Vi?t Nam,Châu Á
755,Yên Bái,Phu?ng Minh Tân,TP. Yên Bái,Vi?t Nam,Châu Á
756,Yên Bái,Phu?ng Nguy?n Thái H?c,TP. Yên Bái,Vi?t Nam,Châu Á
757,Yên Bái,Xã Phúc L?c,TP. Yên Bái,Vi?t Nam,Châu Á
758,Algiers,Guaviare,Encamp,Algeria,Africa
759,Boumerdas,Hamburg,Sar-e Pul,Algeria,Africa
760,Oran,Kraj Vysocina,Tiran ,Algeria,Africa
761,Tébessa,Pinar del R o,Daykundi,Algeria,Africa
762,Luanda,San Jos_,Baghlan,Angola,Africa
763,N’dalatando,Heredia,Barbuda,Angola,Africa
764,Huambo,Lefkosia,Ararat,Angola,Africa
765,Lobito,Brandenburg,Vlor ,Angola,Africa
766,Cotonou,Olomouck_ kraj,Kandahar,Benin,Africa
767,Abomey-Calavi,Th ringen,Dubayy [Dubai],Benin,Africa
768,Djougou,Caldas,Andorra la Vella,Benin,Africa
769,Porto-Novo,Nordrhein-Westfalen,Canillo,Benin,Africa
770,Gaborone,Guain a,Jowzjan,Botswana,Africa
771,Francistown,Ribeira Grande de Santiago,Takhar,Botswana,Africa
772,Molepolole,Berlin,Bi_,Botswana,Africa
773,Selebi-Phikwe,Mayabeque,Namibe,Botswana,Africa
774,Ouagadougou,Guant namo,Farah,Burkina Faso,Africa
775,Bobo-Dioulasso,Djibouti,Redonda,Burkina Faso,Africa
776,Koudougou,Pafos,Benguela,Burkina Faso,Africa
777,Ouahigouya,Isla de la Juventud,Kuna,Burkina Faso,Africa
778,Bujumbura,Niedersachsen,Umm al Qaywayn,Burundi,Africa
779,Muyinga,Santa Catarina do Fogo,Badghis,Burundi,Africa
780,Ruyigi,Artemisa,Escaldes-Engordany,Burundi,Africa
781,Gitega,Santa Cruz,Parwan,Burundi,Africa
782,Douala,Schleswig-Holstein,Herat,Cameroon,Africa
783,Yaoundé,Mosteiros,Ghazni,Cameroon,Africa
784,Garoua,Paul,Loi,Cameroon,Africa
785,Kousséri,Bayern,'Ajman,Cameroon,Africa
786,Praia,Rheinland-Pfalz,Lezh ,Cape Verde,Africa
787,Mindelo,Duarte,Ra s al Khaymah,Cape Verde,Africa
788,Santa Maria,Azua,Kuk s,Cape Verde,Africa
789,Cova Figueira,Saint John,Saint Philip,Cape Verde,Africa
790,,Saint Joseph,Saint Paul,Central African Republic,Africa
791,Bangui,Puerto Plata,Ghor,Chad,Africa
792,Bimbo,Sj_lland,Ordino,Chad,Africa
793,Mbaïki,Hovedstaden,San Luis,Chad,Africa
794,Berbérati,Tadjourah,Balkh,Chad,Africa
795,Moroni,Cibao Nordeste,Faryab,Comoros,Africa
796,Moutsamoudou,Obock,Saint John,Comoros,Africa
797,Fomboni,Syddanmark,Gjirokast r,Comoros,Africa
798,Domoni,Ali Sabieh,Saint Peter,Comoros,Africa
799,Kinshasa,Saint Paul,Khost,Democratic Republic of the Congo,Africa
800,Lubumbashi,Peravia,Sant Juli  de L ria,Democratic Republic of the Congo,Africa
801,Mbuji-Mayi,Santiago,Ash Shariqah [Sharjah],Democratic Republic of the Congo,Africa
802,Kisangani,Independencia,La Massana,Democratic Republic of the Congo,Africa
803,Djibouti,Saint Peter,Kapisa,Djibouti,Africa
804,Ali Sabieh,Monte Cristi,_irak,Djibouti,Africa
805,Tadjoura,Espaillat,Bamyan,Djibouti,Africa
806,Obock,Sachsen,Al Fujayrah,Djibouti,Africa
807,Cairo,Saint Luke,Paktika,Egypt,Africa
808,Alexandria,Saint George,Kabul,Egypt,Africa
809,Giza,Nordjylland,Zabul,Egypt,Africa
810,Port Said,Saint Mark,Badakhshan,Egypt,Africa
811,,Saman ,Kwanza Norte,Equatorial Guinea,Africa
812,Bata,San Crist bal,Laghman,Eritrea,Africa
813,Malabo,Barahona,Huambo,Eritrea,Africa
814,Ebebiyin,Saint Andrew,Helmand,Eritrea,Africa
815,Aconibe,Saint David,Dib r,Eritrea,Africa
816,Addis Ababa,El as Pi a,Nuristan,Ethiopia,Africa
817,Dire Dawa,Midtjylland,Gegark'unik',Ethiopia,Africa
818,Bahir Dar,San Pedro de Macor s,Moxico,Ethiopia,Africa
819,Gondar,Saint Patrick,Panjshayr,Ethiopia,Africa
820,Libreville,Dajab n,Uruzgan,Gabon,Africa
821,Port-Gentil,Distrito Nacional (Santo Domingo),Elbasan,Gabon,Africa
822,Franceville,Pedernales,Abu Z aby [Abu Dhabi],Gabon,Africa
823,Oyem,Hermanas Mirabal,Saint Mary,Gabon,Africa
824,Serekunda,Baoruco,Samangan,Gambia,Africa
825,Brikama,El Seibo,Fier,Gambia,Africa
826,Bakau,La Altagracia,Aragacotn,Gambia,Africa
827,Banjul,La Vega,U ge,Gambia,Africa
828,Accra,Monse or Nouel,Nimroz,Ghana,Africa
829,Kumasi,La Romana,Kunduz,Ghana,Africa
830,Tamale,Mar a Trinidad S nchez,Saint George,Ghana,Africa
831,Takoradi,Hato Mayor,Nangarhar,Ghana,Africa
832,North-West,Santo Domingo,Kor  ,Guinea,Africa
833,Arkhabil Suqutr ,Monte Plata,Tucum n,Guinea-Bissau,Africa
834,Luapula,Oum el Bouaghi,Erevan,Ivory Coast,Africa
835,Hu Giang,S nchez Ram rez,Logar,Kenya,Africa
836,Al Mawit,Alger,Berat,Lesotho,Africa
837,Gagaifomauga,Cibao Sur,Luanda,Liberia,Africa
838,Limpopo,Loja,Shkod r,Libya,Africa
839,Abyan,San Jos_ de Ocoa,La Pampa,Madagascar,Africa
840,Western Cape,Boumerd s,Lunda Norte,Malawi,Africa
841,Midlands,B_ja a,Ciudad Aut noma de Buenos Aires,Mali,Africa
842,Northern,Tiaret,Lunda Sul,Mauritania,Africa
843,Mashonaland Central,Cibao Noroeste,Paktiya,Mauritius,Africa
844,Eastern,Naama,Wardak,Mayotte,Africa
845,Lusaka,Khenchela,Tavu_,Morocco,Africa
846,Al Mahrah,Santiago Rodr guez,Chubut,Mozambique,Africa
847,Matabeleland North,Biskra,Jujuy,Namibia,Africa
848,Masvingo,Ozama,Bengo,Niger,Africa
849,Copperbelt,Santa Elena,La Rioja,Nigeria,Africa
850,Muchinga,San Juan,Vayoc Jor,Republic of the Congo,Africa
851,Bulawayo,El Bayadh,Syunik',Rwanda,Africa
852,Ma rib,Valverde,Kuando Kubango,Réunion,Africa
853,Torba,Tlemcen,Kwanza Sul,Saint Helena,Africa
854,Al Jawf,Tartumaa,Santa Fe,Senegal,Africa
855,Gauteng,Batna,Santiago del Estero,Seychelles,Africa
856,aramawt,El Valle,Cunene,Sierra Leone,Africa
857,Ravenna,Yuma,Entre R os,Somalia,Africa
858,Treviso,Relizane,Malange,South Africa,Africa
859,Reggio Calabria,Annaba,R o Negro,South Sudan,Africa
860,Saint Mary,Tindouf,Armavir,Sudan,Africa
861,Pesaro e Urbino,Tipaza,Hu la,Swaziland,Africa
862,Tottori,Santo Domingo de los Ts chilas,Buenos Aires,São Tomé and Príncipe,Africa
863,Roma,AI Wadi al Jadid,San Juan,Tanzania,Africa
864,Prato,Tizi Ouzou,Zaire,Togo,Africa
865,Hanover,Enriquillo,Misiones,Tunisia,Africa
866,Pistoia,Tamanrasset,Cabinda,Uganda,Africa
867,Rovigo,A n Defla,Chaco,Western Sahara,Africa
868,Saint James,Napo,Durr s,Zambia,Africa
869,Reggio Emilia,Mostaganem,Formosa,Zimbabwe,Africa
870,McMurdo Station,AI Fayyum,Salta,Antarctica,Antarctica
871,Sondrio,Djelfa,Catamarca,Bouvet Island,Antarctica
872,Port-aux-Français,Mila,Kotayk',French Southern Territories,Antarctica
873,Irbid,Chlef,Mendoza,Heard Island and McDonald Islands,Antarctica
874,Grytviken,Adrar,New South Wales,South Georgia and the South Sandwich Islands,Antarctica
875,Kabul,L__ne-Virumaa,C rdoba,Afghanistan,Asia
876,Kunduz,S_tif,Santa Cruz,Afghanistan,Asia
877,Ghazni,Orellana,Australian Capital Territory,Afghanistan,Asia
878,Balkh,B_char,Tierra del Fuego,Afghanistan,Asia
879,Yerevan,Cibao Norte,Wien,Armenia,Asia
880,Gyumri,Al Bar al Amar,Burgenland,Armenia,Asia
881,Vanadzor,Jijel,Victoria,Armenia,Asia
882,Ejmiatsin,Imbabura,Astara,Armenia,Asia
883,Baku,Sucumb os,Northern Territory,Azerbaijan,Asia
884,Ganja,El Tarf,Brd,Azerbaijan,Asia
885,Sumqayit,J gevamaa,Dasksn,Azerbaijan,Asia
886,Lankaran,Bordj Bou Arr_ridj,Klbcr,Azerbaijan,Asia
887,Manama,Valdesia,Neuqu_n,Bahrain,Asia
888,Al Muharraq,Azuay,Agstafa,Bahrain,Asia
889,Sitrah,Tungurahua,Baki,Bahrain,Asia
890,Al ?add,Ouargla,Salzburg,Bahrain,Asia
891,Dhaka,Sidi Bel Abb s,Gnc,Bangladesh,Asia
892,Chittagong,P_rnumaa,Agdam,Bangladesh,Asia
893,Khulna,Bouira,South Australia,Bangladesh,Asia
894,Comilla,Chimborazo,Nieder_sterreich,Bangladesh,Asia
895,Thimphu,Al Buayrah,Steiermark,Bhutan,Asia
896,Tsirang,Hiiumaa,Vorarlberg,Bhutan,Asia
897,Phuntsholing,Al Uqsur,Ober_sterreich,Bhutan,Asia
898,Pemagatshel,Raplamaa,Qobustan,Bhutan,Asia
899,Verona,Tissemsilt,Quba,British Indian Ocean Territory,Asia
900,Bandar Seri Begawan,T_bessa,Goranboy,Brunei,Asia
901,Kuala Belait,El Oro,Corrientes,Brunei,Asia
902,Seria,Gharda a,Kngrli,Brunei,Asia
903,Tutong,Oran,Oguz,Brunei,Asia
904,Phnom Penh,Higuamo,K_rnten,Cambodia,Asia
905,Takeo,Los R os,Samaxi,Cambodia,Asia
906,Sihanoukville,Esmeraldas,G_yg_l,Cambodia,Asia
907,Battambang,Shamal Sina',Tasmania,Cambodia,Asia
908,Shanghai,Skikda,F zuli,China,Asia
909,Beijing,Aswan,Haciqabul,China,Asia
910,Tianjin,Ad Daqahliyah,Western Australia,China,Asia
911,Guangzhou,Carchi,Queensland,China,Asia
912,Flying Fish Cove,M'sila,Agsu,Christmas Island,Asia
913,West Island,Guelma,Tirol,Cocos [Keeling] Islands,Asia
914,Tbilisi,A n T_mouchent,Agcabdi,Georgia,Asia
915,Kutaisi,P lvamaa,Beylqan,Georgia,Asia
916,Batumi,Bani Suwayf,G_y ay,Georgia,Asia
917,Sokhumi,L__nemaa,Babk,Georgia,Asia
918,Hong Kong,Valgamaa,Qbl,Hong Kong,Asia
919,Kowloon,Laghouat,Bilsuvar,Hong Kong,Asia
920,Tsuen Wan,Manab ,Clilabad,Hong Kong,Asia
921,Yuen Long Kau Hui,Constantine,Nax ivan,Hong Kong,Asia
922,Mumbai,V rumaa,Masalli,India,Asia
923,Delhi,Ca ar,Agdas,India,Asia
924,Bengaluru,Blida,Lnkran,India,Asia
925,Kolkata,Guayas,Sirvan,India,Asia
926,Jakarta,Harjumaa,Ski,Indonesia,Asia
927,Surabaya,Sa da,Lerik,Indonesia,Asia
928,Medan,Mascara,Ming evir,Indonesia,Asia
929,Bandung,Pichincha,Qazax,Indonesia,Asia
930,Tehran,Ida-Virumaa,Cbrayil,Iran,Asia
931,Mashhad,M_d_a,Salyan,Iran,Asia
932,Isfahan,Pastaza,Abseron,Iran,Asia
933,Karaj,Illizi,Smkir,Iran,Asia
934,Baghdad,El Oued,Qusar,Iraq,Asia
935,Basrah,Souk Ahras,Gdby,Iraq,Asia
936,Mosul,Bol var,Sdrk,Iraq,Asia
937,Erbil,Morona-Santiago,La in,Iraq,Asia
938,Jerusalem,Gal pagos,Balakn,Israel,Asia
939,Tel Aviv,Cotopaxi,Ismayilli,Israel,Asia
940,West Jerusalem,Zamora Chinchipe,K rdmir,Israel,Asia
941,Haifa,J_rvamaa,Sumqayit,Israel,Asia
942,Tokyo,Saaremaa,Qubadli,Japan,Asia
943,Yokohama,Bur Sa'id,Neft ala,Japan,Asia
944,Osaka,AI Minufiyah,Qax,Japan,Asia
945,Nagoya,AI Qahirah,Culfa,Japan,Asia
946,Amman,Ash Sharqiyah,Lnkran,Jordan,Asia
947,Zarqa,AI Gharbiyah,Naftalan,Jordan,Asia
948,Irbid,Matruh,Nax ivan,Jordan,Asia
949,Russeifa,AI Isma 'iliyah,Ordubad,Jordan,Asia
950,Almaty,Ma ikel,Sabran,Kazakhstan,Asia
951,Karagandy, Anseba,Imisli,Kazakhstan,Asia
952,Shymkent,Kafr ash Shaykh,Sahbuz,Kazakhstan,Asia
953,Taraz,AI Iskandariyah,Saatli,Kazakhstan,Asia
954,Kuwait City,Viljandimaa,Sabirabad,Kuwait,Asia
955,Ar Riqqah,Janub Sina',Ski,Kuwait,Asia
956,Al Manqaf,Asyut,Siyzn,Kuwait,Asia
957,Ad Dasmah,Qina,Xizi,Kuwait,Asia
958,Bishkek,AI Minya,Saint Andrew,Kyrgyzstan,Asia
959,Osh,Debub,Saint Lucy,Kyrgyzstan,Asia
960,Jalal-Abad,Debubawi K eyyi Bari,Yardimli,Kyrgyzstan,Asia
961,Karakol,AI Jizah,Habiganj,Kyrgyzstan,Asia
962,Vientiane,Dumyat,Yevlax,Laos,Asia
963,Pakse,As Suways,Srur,Laos,Asia
964,Luang Prabang,AI Qalyubiyah,Bogra,Laos,Asia
965,Xam Nua,Suhaj,Jhenaidah,Laos,Asia
966,Beirut,Gash-Barka,Madaripur,Lebanon,Asia
967,Tripoli,Córdoba,Trtr,Lebanon,Asia
968,Sidon,Sevilla,Samux,Lebanon,Asia
969,Tyre,Badajoz,Bhola,Lebanon,Asia
970,Macau,Toledo,Brcko distrikt,Macao,Asia
971,Kota Bharu,Alicante / Alacant,Dinajpur,Malaysia,Asia
972,Kuala Lumpur,A Coruña  [La Coruña],Feni,Malaysia,Asia
973,Klang,Ahvenanmaan maakunta,Tovuz,Malaysia,Asia
974,Kampung Baru Subang,Semienawi K eyyi Bari,Federacija Bosne i Hercegovine,Malaysia,Asia
975,Male,Tigray,Zaqatala,Maldives,Asia
976,Fuvahmulah,Tarragona  [Tarragona],Xankndi,Maldives,Asia
977,Hithadhoo,Cáceres,Cox's Bazar,Maldives,Asia
978,Kulhudhuffushi,León,Xocali,Maldives,Asia
979,Ulan Bator,Castellón / Castelló,Khagrachhari,Mongolia,Asia
980,Erdenet,Almería,Susa,Mongolia,Asia
981,Darhan,Ávila,Zngilan,Mongolia,Asia
982,Khovd,Cuenca,Ucar,Mongolia,Asia
983,Yangon,Burgos,Bagerhat,Myanmar [Burma],Asia
984,Mandalay,Ciudad Real,Gazipur,Myanmar [Burma],Asia
985,Nay Pyi Taw,Adis Abeba,Lakshmipur,Myanmar [Burma],Asia
986,Mawlamyine,Santa Cruz de Tenerife,Christ Church,Myanmar [Burma],Asia
987,Kathmandu,Segovia,Saint Peter,Nepal,Asia
988,Pokhara,Huesca,Chuadanga,Nepal,Asia
989,Biratnagar,Guadalajara,Meherpur,Nepal,Asia
990,Bharatpur,Albacete,Xa maz,Nepal,Asia
991,Pyongyang,Soria,Jhalakathi,North Korea,Asia
992,Haeju,Granada,Mymensingh,North Korea,Asia
993,Kanggye,Ja_n,Barguna,North Korea,Asia
994,Hyesan,Kainuu,Saint George,North Korea,Asia
995,Muscat,Kanta-H_me,Zrdab,Oman,Asia
996,Seeb,Cantabria,Saint James,Oman,Asia
997,Bawshar,Ceuta,Noakhali,Oman,Asia
998,Sohar,Asturias,Kurigram,Oman,Asia
999,Karachi,Balears  [Baleares],Xocavnd,Pakistan,Asia
1000,Lahore,Afar,Moulvibazar,Pakistan,Asia
1001,Rawalpindi,Valencia / València,Barisal,Pakistan,Asia
1002,Hyderabad,Biskaia,Jamalpur,Pakistan,Asia
1003,East Jerusalem,Gipuzkoa,Narsingdi,Palestine,Asia
1004,Gaza,Málaga,Bandarban,Palestine,Asia
1005,Hebron,Lugo  [Lugo],Joypurhat,Palestine,Asia
1006,Nablus,Binshangul Gumuz,Saint John,Palestine,Asia
1007,Quezon City,Barcelona  [Barcelona],Saint Thomas,Philippines,Asia
1008,Manila,Navarra / Nafarroa,Rajbari,Philippines,Asia
1009,Caloocan City,YeDebub Biheroch Bihereseboch na Hizboch,Nilphamari,Philippines,Asia
1010,Budta,Álava / Araba,Yevlax,Philippines,Asia
1011,Doha,Ourense  [Orense],Saint Michael,Qatar,Asia
1012,Al Wakrah,Salamanca,Comilla,Qatar,Asia
1013,Al Khawr,Teruel,Satkhira,Qatar,Asia
1014,Al Wukayr,Etel_-Pohjanmaa,Pirojpur,Qatar,Asia
1015,Riyadh,Huelva,Narail,Saudi Arabia,Asia
1016,Jeddah,Etel_-Karjala,Faridpur,Saudi Arabia,Asia
1017,Mecca,Hareri Hizb,Brahmanbaria,Saudi Arabia,Asia
1018,Medina,Zamora,Kushtia,Saudi Arabia,Asia
1019,Singapore,La Rioja,Kishoreganj,Singapore,Asia
1020,Seoul,Palencia,Saint Joseph,South Korea,Asia
1021,Busan,Zaragoza,Chapai Nawabganj,South Korea,Asia
1022,Incheon,Murcia,Rangamati,South Korea,Asia
1023,Daegu,Gambela Hizboch,Sunamganj,South Korea,Asia
1024,Colombo,Lappi,Tangail,Sri Lanka,Asia
1025,Dehiwala-Mount Lavinia,Melilla,Saint Philip,Sri Lanka,Asia
1026,Mount Lavinia,Cádiz,Republika Srpska,Sri Lanka,Asia
1027,Galkissa,Girona  [Gerona],Narayanganj,Sri Lanka,Asia
1028,Aleppo,Pontevedra  [Pontevedra],Chittagong,Syria,Asia
1029,Damascus,Las Palmas,Natore,Syria,Asia
1030,Homs,Keski-Pohjanmaa,Rajshahi,Syria,Asia
1031,Latakia,Lleida  [L_rida],Dhaka,Syria,Asia
1032,Taipei,Madrid,Chandpur,Taiwan,Asia
1033,Kaohsiung,Valladolid,Gopalganj,Taiwan,Asia
1034,Taichung,Dire Dawa,Rangpur,Taiwan,Asia
1035,Tainan,Lau,Jessore,Taiwan,Asia
1036,Dushanbe,P_ij_t-H_me,Naogaon,Tajikistan,Asia
1037,Istaravshan,Lomaiviti,Gaibandha,Tajikistan,Asia
1038,Konibodom,Rewa,Lalmonirhat,Tajikistan,Asia
1039,Vahdat,Amara,Patuakhali,Tajikistan,Asia
1040,Bangkok,Satakunta,Shariatpur,Thailand,Asia
1041,Samut Prakan,Rotuma,Khulna,Thailand,Asia
1042,Mueang Nonthaburi,Pirkanmaa,Manikganj,Thailand,Asia
1043,Udon Thani,Pohjois-Karjala,Munshiganj,Thailand,Asia
1044,Istanbul,Pohjois-Pohjanmaa,Sylhet,Turkey,Asia
1045,Ankara,Oromiya,Magura,Turkey,Asia
1046,Bursa,Ba,Netrakona,Turkey,Asia
1047,Adana,Sumale,Vlaams Brabant,Turkey,Asia
1048,Ashgabat,Kosrae,Bal_,Turkmenistan,Asia
1049,Mary,Kadavu,Sirajganj,Turkmenistan,Asia
1050,Balkanabat,Keski-Suomi,West-Vlaanderen,Turkmenistan,Asia
1051,Bayramaly,Etel_-Savo,Gnagna,Turkmenistan,Asia
1052,Dubai,Nadroga and Navosa,Kardzhali,United Arab Emirates,Asia
1053,Abu Dhabi,Pohjois-Savo,Oost-Vlaanderen,United Arab Emirates,Asia
1054,Sharjah,Pohjanmaa,Panchagarh,United Arab Emirates,Asia
1055,Al Ain,Serua,Bam,United Arab Emirates,Asia
1056,Tashkent,Uusimaa,Hainaut,Uzbekistan,Asia
1057,Namangan,Bua,Namur,Uzbekistan,Asia
1058,Samarqand,Pohnpei,"Bruxelles-Capitale, R_gion de",Uzbekistan,Asia
1059,Andijon,Cakaudrove,Ganzourgou,Uzbekistan,Asia
1060,Sanaa,Hautes-Alpes,Thakurgaon,Yemen,Asia
1061,Aden,Varsinais-Suomi,Kadiogo,Yemen,Asia
1062,Ibb,Doubs,Limburg,Yemen,Asia
1063,Al Bayda,Ari ge,Bougouriba,Yemen,Asia
1064,Tirana,Cher,Gourma,Albania,Europe
1065,Elbasan,Finist re,Pabna,Albania,Europe
1066,Pogradec,Dordogne,Yagha,Albania,Europe
1067,Patos,Kymenlaakso,Banwa,Albania,Europe
1068,Andorra la Vella,Naitasiri,Li ge,Andorra,Europe
1069,les Escaldes,Corse-du-Sud,Ioba,Andorra,Europe
1070,Encamp,Cantal,K_n_dougou,Andorra,Europe
1071,la Massana,Allier,Boulgou,Andorra,Europe
1072,Vienna,Aisne,Noumbiel,Austria,Europe
1073,Graz,Ra,Gabrovo,Austria,Europe
1074,Linz,Dr me,Komondjari,Austria,Europe
1075,Salzburg,Chuuk,Baz gaga,Austria,Europe
1076,Minsk,C tes-d'Armor,Kourw_ogo,Belarus,Europe
1077,Gomel,Bouches-du-Rh ne,Kouritenga,Belarus,Europe
1078,Mahilyow,Haute-Corse,Brabant wallon,Belarus,Europe
1079,Vitebsk,Macuata,Namentenga,Belarus,Europe
1080,Brussels,Ain,Antwerpen,Belgium,Europe
1081,Antwerpen,Corr ze,Sherpur,Belgium,Europe
1082,Gent,Landes,Kompienga,Belgium,Europe
1083,Charleroi,Is re,Boulkiemd_,Belgium,Europe
1084,Sarajevo,Haute-Loire,Oudalan,Bosnia and Herzegovina,Europe
1085,Banja Luka,Haute-Garonne,Veliko Tarnovo,Bosnia and Herzegovina,Europe
1086,Zenica,Aube,Loroum,Bosnia and Herzegovina,Europe
1087,Tuzla,Manche,Montana,Bosnia and Herzegovina,Europe
1088,Sofia,Tailevu,Como_,Bulgaria,Europe
1089,Plovdiv,Alpes-de-Haute-Provence,Nahouri,Bulgaria,Europe
1090,Varna,Mayenne,Dobrich,Bulgaria,Europe
1091,Burgas,C te-d'Or,Kossi,Bulgaria,Europe
1092,Zagreb,Alpes-Maritimes,Tuy,Croatia,Europe
1093,Split,Haute-Marne,Mouhoun,Croatia,Europe
1094,Rijeka,Indre,Sissili,Croatia,Europe
1095,Osijek,Namosi,Zoundw_ogo,Croatia,Europe
1096,Nicosia,Loir-et-Cher,Passor_,Cyprus,Europe
1097,Limassol,Aveyron,L_raba,Cyprus,Europe
1098,Larnaca,Loire-Atlantique,Oubritenga,Cyprus,Europe
1099,Famagusta,Oise,Razgrad,Cyprus,Europe
1100,Prague,Haute-Savoie,S_no,Czech Republic,Europe
1101,Brno,Ardennes,Poni,Czech Republic,Europe
1102,Ostrava,Ille-et-Vilaine,Plovdiv,Czech Republic,Europe
1103,Pilsen,Morbihan,Blagoevgrad,Czech Republic,Europe
1104,Copenhagen,Savoie,Koulp_logo,Denmark,Europe
1105,Odense,Gironde,Sangui_,Denmark,Europe
1106,Aalborg,Gers,Luxembourg,Denmark,Europe
1107,Frederiksberg,Lot,Sanmatenga,Denmark,Europe
1108,Tallinn,Haut-Ogoou_,Houet,Estonia,Europe
1109,Tartu,Maine-et-Loire,Soum,Estonia,Europe
1110,Narva,Hautes-Pyr_n_es,Zondoma,Estonia,Europe
1111,Viljandi,Meurthe-et-Moselle,Yatenga,Estonia,Europe
1112,Argir,Sa ne-et-Loire,Nayala,Faroe Islands,Europe
1113,Vestmanna,Eure,Varna,Faroe Islands,Europe
1114,Sandur,Gard,Sourou,Faroe Islands,Europe
1115,Kunoy,Loiret,Lovech,Faroe Islands,Europe
1116,Helsinki,Yonne,Ruse,Finland,Europe
1117,Espoo,Haut-Rhin,Pleven,Finland,Europe
1118,Tampere,Barnet,Vidin,Finland,Europe
1119,Vantaa,Ard che,Tapoa,Finland,Europe
1120,Paris,Essonne,Burgas,France,Europe
1121,Marseille,Bradford,Ziro,France,Europe
1122,Lyon,Pyr_n_es-Orientales,Smolyan,France,Europe
1123,Toulouse,Loire,Kjustendil,France,Europe
1124,Berlin,Vaucluse,Vratsa,Germany,Europe
1125,Hamburg,Ogoou_-Maritime,Sliven,Germany,Europe
1126,Munich,Charente,Al Janubiyah,Germany,Europe
1127,Frankfurt am Main,Brighton and Hove,Targovishte,Germany,Europe
1128,Gibraltar,Puy-de-D me,Pernik,Gibraltar,Europe
1129,Athens,Deux-S vres,Pazardzik,Greece,Europe
1130,Piraeus,Birmingham,Cibitoke,Greece,Europe
1131,Volos,Lot-et-Garonne,Silistra,Greece,Europe
1132,Agios Dimitrios,Somme,Karuzi,Greece,Europe
1133,Saint Peter Port,Marne,Sofia,Guernsey,Europe
1134,St Anne,Clackmannanshire,Bururi,Guernsey,Europe
1135,Saint Sampson,Ni vre,Sofia (stolitsa),Guernsey,Europe
1136,Saint Saviour,Moselle,Al  Asimah,Guernsey,Europe
1137,Budapest,Charente-Maritime,Plateau,Hungary,Europe
1138,Debrecen,Loz re,Kirundo,Hungary,Europe
1139,Miskolc,Tarn,Ash Shamaliyah,Hungary,Europe
1140,Szeged,Ngouni_,Shumen,Hungary,Europe
1141,Akureyri,East Lothian,Stara Zagora,Iceland,Europe
1142,Akranes,Pyr_n_es-Atlantiques,Santa Cruz,Iceland,Europe
1143,Selfoss,Vend_e,Muyinga,Iceland,Europe
1144,Seltjarnarnes,Nord,Atlantique,Iceland,Europe
1145,Dublin,Meuse,Muramvya,Ireland,Europe
1146,Cork,Creuse,Haskovo,Ireland,Europe
1147,Luimneach,Bracknell Forest,Kayanza,Ireland,Europe
1148,Gaillimh,Ceredigion [Sir Ceredigion],Bujumbura Rural,Ireland,Europe
1149,Douglas,Calvados,Ruyigi,Isle of Man,Europe
1150,Ramsey,Angus,Ngozi,Isle of Man,Europe
1151,Peel,Bas-Rhin,Cankuzo,Isle of Man,Europe
1152,Port Erin,Aberdeen City,Gitega,Isle of Man,Europe
1153,Rome,Blaenau Gwent,Yambol,Italy,Europe
1154,Milan,Calderdale,Bubanza,Italy,Europe
1155,Naples,Bridgend [Pen-y-bont ar Ogwr GB-POG],Amap ,Italy,Europe
1156,Turin,Var,Couffo,Italy,Europe
1157,Saint Helier,"Armagh, Banbridge and Craigavon",Mwaro,Jersey,Europe
1158,Le Hocq,H_rault,Atacora,Jersey,Europe
1159,Pristina,Pas-de-Calais,Acre,Kosovo,Europe
1160,Prizren,Rh ne,Bonaire,Kosovo,Europe
1161,Suva Reka,Yvelines,Borgou,Kosovo,Europe
1162,Ferizaj,Eure-et-Loir,Rumonge,Kosovo,Europe
1163,Riga,Seine-et-Marne,Mono,Latvia,Europe
1164,Daugavpils,Indre-et-Loire,Littoral,Latvia,Europe
1165,Jelgava,Vienne,Bujumbura Mairie,Latvia,Europe
1166,Ventspils,"Bristol, City of",Mato Grosso do Sul,Latvia,Europe
1167,Schaan,Buckinghamshire,Makamba,Liechtenstein,Europe
1168,Vaduz,Nyanga,Zou,Liechtenstein,Europe
1169,Triesen,Yap,Maranh o,Liechtenstein,Europe
1170,Balzers,Ards and North Down,Moore's Island,Liechtenstein,Europe
1171,Vilnius,Val-de-Marne,Donga,Lithuania,Europe
1172,Kaunas,Orne,Mato Grosso,Lithuania,Europe
1173,Alytus,Armagh,El Beni,Lithuania,Europe
1174,Dainava,Estuaire,Temburong,Lithuania,Europe
1175,Luxembourg,Tarn-et-Garonne,Tarija,Luxembourg,Europe
1176,Esch-sur-Alzette,Jura,Oruro,Luxembourg,Europe
1177,Dudelange,Territoire de Belfort,Rutana,Luxembourg,Europe
1178,Schifflange,Bury,Collines,Luxembourg,Europe
1179,Birkirkara,Bromley,Exuma,Malta,Europe
1180,Qormi,Aude,Tocantins,Malta,Europe
1181,Mosta,Vosges,North Abaco,Malta,Europe
1182,Saint John,Cumbria,Ou_m_,Malta,Europe
1183,Chisinau,Aberdeenshire,Chuquisaca,Moldova,Europe
1184,Tiraspol,Seine-Maritime,Cochabamba,Moldova,Europe
1185,Bender,Paris,Tutong,Moldova,Europe
1186,Cahul,Haute-Sa ne,Goi s,Moldova,Europe
1187,Monaco,Ogoou_-Ivindo,North Eleuthera,Monaco,Europe
1188,Monte-Carlo,Haute-Vienne,Alibori,Monaco,Europe
1189,La Condamine,Sarthe,Bimini,Monaco,Europe
1190,Fontvieille,Antrim and Newtownabbey,Alagoas,Monaco,Europe
1191,Podgorica,Central Bedfordshire,Black Point,Montenegro,Europe
1192,Herceg-Novi,Seine-Saint-Denis,Al Muarraq,Montenegro,Europe
1193,Pljevlja,Bedford,Central Eleuthera,Montenegro,Europe
1194,Budva,Argyll and Bute,Prince Edward Island,Montenegro,Europe
1195,Amsterdam,Bath and North East Somerset,La Paz,Netherlands,Europe
1196,Rotterdam,Ogoou_-Lolo,Grand Cay,Netherlands,Europe
1197,The Hague,Darlington,Rio Grande do Sul,Netherlands,Europe
1198,Utrecht,Brent,Brunei-Muara,Netherlands,Europe
1199,Skopje,Isle of Anglesey [Sir Ynys M n GB-YNM],Belait,North Macedonia,Europe
1200,Bitola,Hauts-de-Seine,Thimphu,North Macedonia,Europe
1201,Kumanovo,Moyen-Ogoou_,Hope Town,North Macedonia,Europe
1202,Prilep,Bexley,Pando,North Macedonia,Europe
1203,Oslo,Durham,Mayaguana,Norway,Europe
1204,Bergen,Cheshire East,Crooked Island and Long Cay,Norway,Europe
1205,Trondheim,Blackburn with Darwen,Sergipe,Norway,Europe
1206,Stavanger,Cambridgeshire,Amazonas,Norway,Europe
1207,Warsaw,Derby,Sint Eustatius,Poland,Europe
1208,Szczecin,Coventry,Spanish Wells,Poland,Europe
1209,Bydgoszcz,Bolton,Rio Grande do Norte,Poland,Europe
1210,Lublin,Val-d'Oise,Distrito Federal,Poland,Europe
1211,Lisbon,Cardiff [Caerdydd GB-CRD],Pernambuco,Portugal,Europe
1212,Porto,Causeway Coast and Glens,Cear ,Portugal,Europe
1213,Amadora,Barnsley,Saskatchewan,Portugal,Europe
1214,Oeiras,Belfast,Trongsa,Portugal,Europe
1215,Bucharest,Bournemouth,Toledo,Romania,Europe
1216,Sector 3,Caerphilly [Caerffili GB-CAF],South Abaco,Romania,Europe
1217,Sector 6,Woleu-Ntem,S o Paulo,Romania,Europe
1218,Sector 2,Conwy,Para ba,Romania,Europe
1219,Moscow,"	Derry and Strabane",Chhukha,Russia,Europe
1220,Saint Petersburg,Blackpool,Esp rito Santo,Russia,Europe
1221,Novosibirsk,Carmarthenshire [Sir Gaerfyrddin GB-GFY],Ragged Island,Russia,Europe
1222,Yekaterinburg,Barking and Dagenham,Minas Gerais,Russia,Europe
1223,Serravalle,Croydon,Rond nia,San Marino,Europe
1224,Borgo Maggiore,Cheshire West and Chester,Potos ,San Marino,Europe
1225,San Marino,Derbyshire,Piau ,San Marino,Europe
1226,Domagnano,Cornwall,Sarpang,San Marino,Europe
1227,Belgrade,Dumfries and Galloway,Chobe,Serbia,Europe
1228,Novi Sad,East Sussex,Francistown,Serbia,Europe
1229,Zemun,Devon,Kasa  Central,Serbia,Europe
1230,Kragujevac,East Riding of Yorkshire,Orange Walk,Serbia,Europe
1231,Bratislava,East Dunbartonshire,North Andros,Slovakia,Europe
1232,Nitra,Havering,Maniema,Slovakia,Europe
1233,Trnava,Enfield,Roraima,Slovakia,Europe
1234,Martin,Hammersmith and Fulham,New Providence,Slovakia,Europe
1235,Ljubljana,Ealing,Acklins,Slovenia,Europe
1236,Maribor,Falkirk,Homyel'skaya voblasts' (be) - Gomel'skaya oblast' ,Slovenia,Europe
1237,Celje,Dundee City,Manitoba,Slovenia,Europe
1238,Kranj,"Edinburgh, City of",West Grand Bahama,Slovenia,Europe
1239,Madrid,Gateshead,Pemagatshel,Spain,Europe
1240,Barcelona,Camden,Central Abaco,Spain,Europe
1241,Valencia,Dudley,Saba,Spain,Europe
1242,Sevilla,Fife,Kongo Central,Spain,Europe
1243,Longyearbyen,Denbighshire [Sir Ddinbych GB-DDB],Zhemgang,Svalbard and Jan Mayen,Europe
1244,Olonkinbyen,Dorset,Cat Island,Svalbard and Jan Mayen,Europe
1245,Stockholm,Doncaster,Bahia,Sweden,Europe
1246,Uppsala,Glasgow City,Rio de Janeiro,Sweden,Europe
1247,Sollentuna,Essex,Hrodzenskaya voblasts' (be) - Grodnenskaya oblast',Sweden,Europe
1248,Helsingborg,East Renfrewshire,Haa,Sweden,Europe
1249,Basel,Eilean Siar,San Salvador,Switzerland,Europe
1250,Bern,Highland,Par ,Switzerland,Europe
1251,Lausanne,Hertfordshire,Inagua,Switzerland,Europe
1252,Winterthur,Haringey,North West,Switzerland,Europe
1253,Kyiv,Gloucestershire,Dagana,Ukraine,Europe
1254,Kharkiv,Hackney,Lhuentse,Ukraine,Europe
1255,Dnipro,East Ayrshire,Central Andros,Ukraine,Europe
1256,Donetsk,"	Fermanagh and Omagh",Corozal,Ukraine,Europe
1257,London,Greenwich,Long Island,United Kingdom,Europe
1258,Birmingham,Hounslow,East Grand Bahama,United Kingdom,Europe
1259,Liverpool,Hillingdon,Newfoundland and Labrador,United Kingdom,Europe
1260,Nottingham,Harrow,Rum Cay,United Kingdom,Europe
1261,Vatican City,Gwynedd,Punakha,Vatican City,Europe
1262,Mariehamn,Islington,Harbour Island,Åland,Europe
1263,Jomala,Isles of Scilly,Tsirang,Åland,Europe
1264,Lemland,Lambeth,Lomami,Åland,Europe
1265,Saltvik,Kingston upon Thames,Paran ,Åland,Europe
1266,The Valley,Flintshire [Sir y Fflint GB-FFL],Kwango,Anguilla,North America
1267,Blowing Point Village,Knowsley,Samtse,Anguilla,North America
1268,Sandy Ground Village,Kirklees,City of Freeport,Anguilla,North America
1269,The Quarter,Kingston upon Hull,Gasa,Anguilla,North America
1270,All Saints,Lincolnshire,South Andros,Antigua and Barbuda,North America
1271,Piggotts,Leicester,Paro,Antigua and Barbuda,North America
1272,Liberta,Herefordshire,Monggar,Antigua and Barbuda,North America
1273,Bolands,Medway,Bangui,Antigua and Barbuda,North America
1274,Oranjestad,Lancashire,Trashi Yangtse,Aruba,North America
1275,Nassau,Inverclyde,Santa Catarina,Bahamas,North America
1276,Lucaya,Middlesbrough,North East,Bahamas,North America
1277,Freeport,Halton,Kasa ,Bahamas,North America
1278,West End,Lewisham,Kgalagadi,Bahamas,North America
1279,Bridgetown,Kensington and Chelsea,Nord-Kivu,Barbados,North America
1280,Speightstown,Monmouthshire [Sir Fynwy GB-FYN],Samdrup Jongkhar,Barbados,North America
1281,Oistins,North Yorkshire,Wangdue Phodrang,Barbados,North America
1282,Bathsheba,North Lanarkshire,Trashigang,Barbados,North America
1283,Belize City,Merton, quateur,Belize,North America
1284,San Ignacio,North Somerset,Gaborone,Belize,North America
1285,Orange Walk,Kent,Mangrove Cay,Belize,North America
1286,Belmopan,Manchester,Central,Belize,North America
1287,Saint George,Hartlepool,Lobatse,Bermuda,North America
1288,Hamilton,Hampshire,Bumthang,Bermuda,North America
1289,Kralendijk,Isle of Wight,Kweneng,Bonaire,North America
1290,Dorp Antriol,Lisburn and Castlereagh,Jwaneng,Bonaire,North America
1291,Dorp Tera Kora,Leeds,Berry Islands,Bonaire,North America
1292,Oranjestad,Northumberland,Sowa Town,Bonaire,North America
1293,Road Town,Mid Ulster,Ghanzi,British Virgin Islands,North America
1294,Toronto,Liverpool,Nord-Ubangi,Canada,North America
1295,Calgary,Mid and East Antrim,Bresckaja voblasc (be) - Brestskaja oblast' (ru),Canada,North America
1296,Ottawa,"London, City of",Nova Scotia,Canada,North America
1297,Edmonton,Norfolk,British Columbia,Canada,North America
1298,George Town,Leicestershire,Kgatleng,Cayman Islands,North America
1299,West Bay,North Lincolnshire,Nunavut,Cayman Islands,North America
1300,Bodden Town,Luton,Mahilyowskaya voblasts' (be) - Mogilevskaya oblast,Cayman Islands,North America
1301,East End,Moray,Minskaya voblasts' (be) - Minskaya oblast' (ru),Cayman Islands,North America
1302,San Francisco,Midlothian,Ontario,Costa Rica,North America
1303,Alajuela,North East Lincolnshire,South Eleuthera,Costa Rica,North America
1304,Liberia,Newcastle upon Tyne,Horad Minsk,Costa Rica,North America
1305,Puntarenas,Pembrokeshire [Sir Benfro GB-BNF],Vitsyebskaya voblasts' (be) - Vitebskaya oblast' (,Costa Rica,North America
1306,Havana,Neath Port Talbot [Castell-nedd Port Talbot GB-CTL,Haut-Katanga,Cuba,North America
1307,Santiago de Cuba,North Ayrshire,Kinshasa,Cuba,North America
1308,Santa Clara,Nottinghamshire,Bas-U_l_,Cuba,North America
1309,Diez de Octubre,Slough,Belize,Cuba,North America
1310,Willemstad,Newham,Ituri,Curacao,North America
1311,Sint Michiel Liber,"Newry, Mourne and Down",Cayo,Curacao,North America
1312,Barber,Somerset,Yukon,Curacao,North America
1313,Dorp Soto,Sutton,South East,Curacao,North America
1314,Roseau,North Tyneside,Northwest Territories,Dominica,North America
1315,Portsmouth,Nottingham,Alberta,Dominica,North America
1316,Marigot,Northamptonshire,Kasa  Oriental,Dominica,North America
1317,Berekua,Powys,Kwilu,Dominica,North America
1318,Santo Domingo,Rotherham,Mai-Ndombe,Dominican Republic,North America
1319,Santiago de los Caballeros,Perth and Kinross,Southern,Dominican Republic,North America
1320,Santo Domingo Oeste,Milton Keynes,Mbomou,Dominican Republic,North America
1321,Santo Domingo Este,Merthyr Tydfil [Merthyr Tudful GB-MTU],Mongala,Dominican Republic,North America
1322,San Salvador,Renfrewshire,Selibe Phikwe,El Salvador,North America
1323,Soyapango,South Ayrshire,Stann Creek,El Salvador,North America
1324,Santa Ana,Newport [Casnewydd GB-CNW],Haut-U_l_,El Salvador,North America
1325,San Miguel,Solihull,New Brunswick,El Salvador,North America
1326,Nuuk,Oxfordshire,Bamingui-Bangoran,Greenland,North America
1327,Sisimiut,Sefton,Lualaba,Greenland,North America
1328,Ilulissat,Stockport,Quebec,Greenland,North America
1329,Qaqortoq,Shropshire,Tshopo,Greenland,North America
1330,Gouyave,Peterborough,Haut-Lomami,Grenada,North America
1331,Grenville,Reading,Ouham,Grenada,North America
1332,Victoria,Sandwell,Ouaka,Grenada,North America
1333,Sauteurs,Rutland,Basel-Landschaft (de),Grenada,North America
1334,Les Abymes,Salford,Gribingui,Guadeloupe,North America
1335,Baie-Mahault,"Rhondda, Cynon, Taff [Rhondda, Cynon,Taf]",Niari,Guadeloupe,North America
1336,Le Gosier,South Tyneside,Basse-Kotto,Guadeloupe,North America
1337,Petit-Bourg,Redcar and Cleveland,Sankuru,Guadeloupe,North America
1338,Guatemala City,Poole,Vaud (fr),Guatemala,North America
1339,Mixco,Plymouth,Vakaga,Guatemala,North America
1340,Villa Nueva,Sheffield,Ombella-Mpoko,Guatemala,North America
1341,Petapa,Swindon,Kouilou,Guatemala,North America
1342,Port-au-Prince,Portsmouth,Plateaux,Haiti,North America
1343,Carrefour,South Gloucestershire,Pool,Haiti,North America
1344,Delmas 73,Telford and Wrekin,Mamb_r_-Kad_ ,Haiti,North America
1345,Port-de-Paix,Suffolk,Sud-Kivu,Haiti,North America
1346,Tegucigalpa,Oldham,Sangha,Honduras,North America
1347,San Pedro Sula,Redbridge,G h-Djiboua,Honduras,North America
1348,Choloma,Rochdale,Sud-Ubangi,Honduras,North America
1349,La Ceiba,Orkney Islands,Gen ve (fr),Honduras,North America
1350,Kingston,Swansea [Abertawe GB-ATA],Bouenza,Jamaica,North America
1351,New Kingston,Thurrock,Haute-Kotto,Jamaica,North America
1352,Spanish Town,Stockton-on-Tees,Fribourg (fr),Jamaica,North America
1353,Portmore,Richmond upon Thames,Thurgau (de),Jamaica,North America
1354,Fort-de-France,"Scottish Borders, The",Pointe-Noire,Martinique,North America
1355,Le Lamentin,Southampton,Ticino (it),Martinique,North America
1356,Le Robert,Tameside,Sassandra-Marahou_,Martinique,North America
1357,Sainte-Marie,St. Helens,Likouala,Martinique,North America
1358,Mexico City,Trafford,Lagunes,Mexico,North America
1359,Iztapalapa,Stirling,Savanes,Mexico,North America
1360,Ecatepec,Sunderland,Tanganyika,Mexico,North America
1361,Guadalajara,West Dunbartonshire,Ouham-Pend_,Mexico,North America
1362,Brades,Warwickshire,North,Montserrat,North America
1363,Saint Peters,Torfaen [Tor-faen],Haut-Mbomou,Montserrat,North America
1364,Plymouth,Stoke-on-Trent,Magallanes,Montserrat,North America
1365,Managua,Southend-on-Sea,Brazzaville,Nicaragua,North America
1366,Masaya,West Berkshire,Dengu_l_,Nicaragua,North America
1367,Tipitapa,Surrey,Appenzell Ausserrhoden (de),Nicaragua,North America
1368,Chinandega,Staffordshire,Abidjan,Nicaragua,North America
1369,San Miguelito,Warrington,Appenzell Innerrhoden (de),Panama,North America
1370,Las Cumbres,Southwark,Lobaye,Panama,North America
1371,La Chorrera,Wrexham [Wrecsam GB-WRC],Tshuapa,Panama,North America
1372,Pedregal,Torbay,Coquimbo,Panama,North America
1373,San Juan,Wakefield,Cuvette-Ouest,Puerto Rico,North America
1374,Carolina,South Lanarkshire,Jura (fr),Puerto Rico,North America
1375,Ponce,Tower Hamlets,Nana-Mamb_r_,Puerto Rico,North America
1376,Caguas,Waltham Forest,Yamoussoukro,Puerto Rico,North America
1377,Gustavia,Wolverhampton,Z rich (de),Saint Barthélemy,North America
1378,Basseterre,Saint John,Bern (de),Saint Kitts and Nevis,North America
1379,Fig Tree,Windsor and Maidenhead,Aargau (de),Saint Kitts and Nevis,North America
1380,Market Shop,Westminster,Glarus (de),Saint Kitts and Nevis,North America
1381,Middle Island,Upper West,Anhui,Saint Kitts and Nevis,North America
1382,Castries,Worcestershire,Sangha,Saint Lucia,North America
1383,Vieux Fort,Western,Beijing,Saint Lucia,North America
1384,Micoud,Eastern,Basel-Stadt (de),Saint Lucia,North America
1385,Dennery,West Sussex,K_mo-Gribingui,Saint Lucia,North America
1386,Marigot,Greater Accra,Obwalden (de),Saint Martin,North America
1387,Saint-Pierre,Central,Montagnes,Saint Pierre and Miquelon,North America
1388,Miquelon,Kakhet'i,Nidwalden (de),Saint Pierre and Miquelon,North America
1389,Kingstown,Dabola,Graub nden (de),Saint Vincent and the Grenadines,North America
1390,Georgetown,Shida K'art'li,Schaffhausen (de),Saint Vincent and the Grenadines,North America
1391,Byera Village,Abkhazia,South-West,Saint Vincent and the Grenadines,North America
1392,Biabou,Imeret'i,Arica y Parinacota,Saint Vincent and the Grenadines,North America
1393,Cul de Sac,Walsall,Sankt Gallen (de),Sint Maarten,North America
1394,Koolbaai,Wirral,Shaanxi,Sint Maarten,North America
1395,Philipsburg,"Vale of Glamorgan, The [Bro Morgannwg GB-BMG]", uble,Sint Maarten,North America
1396,Chaguanas,Wokingham,North-West,Trinidad and Tobago,North America
1397,Mon Repos,Saint Patrick,Liaoning,Trinidad and Tobago,North America
1398,San Fernando,T'bilisi,Hunan,Trinidad and Tobago,North America
1399,Port of Spain,Wandsworth,Uri (de),Trinidad and Tobago,North America
1400,Cockburn Town,Ajaria,Vall_e du Bandama,Turks and Caicos Islands,North America
1401,Saint Croix,Wigan,Bas-Sassandra,U.S. Virgin Islands,North America
1402,Charlotte Amalie,York,Los R os,U.S. Virgin Islands,North America
1403,Cruz Bay,Saint Andrew,Shandong,U.S. Virgin Islands,North America
1404,New York City,Mts'khet'a-Mt'ianet'i,Amazonas,United States,North America
1405,Los Angeles,Shetland Islands,Lacs,United States,North America
1406,Chicago,Southern Grenadine Islands,Zug (de),United States,North America
1407,Brooklyn,Wiltshire,Neuch tel (fr),United States,North America
1408,Buenos Aires,Saint David,Solothurn (de),Argentina,South America
1409,Rosario,For_cariah,Luzern (de),Argentina,South America
1410,Mendoza,Northern,L_koumou,Argentina,South America
1411,La Plata,Guria,Atacama,Argentina,South America
1412,Santa Cruz de la Sierra,Western,Cauca,Bolivia,South America
1413,Cochabamba,West Lothian,Guangxi,Bolivia,South America
1414,La Paz,Saint Mark,Jiangsu,Bolivia,South America
1415,Sucre,Racha-Lech khumi-K vemo Svanet i,Zanzan,Bolivia,South America
1416,Rio de Janeiro,Saint George,Los Lagos,Brazil,South America
1417,Salvador,Volta,Cuvette,Brazil,South America
1418,Fortaleza,K'vemo K'art'li,Distrito Capital de Bogot ,Brazil,South America
1419,Belo Horizonte,Brong-Ahafo,Valais (fr),Brazil,South America
1420,Santiago,Ashanti,Valle del Cauca,Chile,South America
1421,Puente Alto,Lower River,Santander,Chile,South America
1422,Antofagasta,Samegrelo-Zemo Svanet'i,West,Chile,South America
1423,Talcahuano,Bok_,Antofagasta,Chile,South America
1424,Cali,Kommune Kujalleq,Valpara so,Colombia,South America
1425,Barranquilla,North Bank,South,Colombia,South America
1426,Cartagena,Banjul,Adamaoua,Colombia,South America
1427,Bucaramanga,Qeqqata Kommunia,Far North,Colombia,South America
1428,Guayaquil,Coyah,Fujian,Ecuador,South America
1429,Quito,Dubr_ka,Ais_n del General Carlos Iba ez del Campo,Ecuador,South America
1430,Cuenca,Mandiana,Littoral,Ecuador,South America
1431,Santo Domingo de los Colorados,Samts'khe-Javakhet'i,Sucre,Ecuador,South America
1432,Stanley,Dinguiraye,Shanghai,Falkland Islands,South America
1433,Cayenne,Faranah,Schwyz (de),French Guiana,South America
1434,Matoury,Macenta,Zhejiang,French Guiana,South America
1435,Saint-Laurent-du-Maroni,L_louma,Matanzas,French Guiana,South America
1436,Kourou,Boffa,Nei Mongol (mn),French Guiana,South America
1437,Georgetown,Avannaata Kommunia,Woroba,Guyana,South America
1438,Linden,Beyla,Henan,Guyana,South America
1439,New Amsterdam,Siguiri,Jiangxi,Guyana,South America
1440,Anna Regina,Kommuneqarfik Sermersooq,Choc ,Guyana,South America
1441,Ciudad del Este,Gaoual,Ningxia,Paraguay,South America
1442,San Lorenzo,Kankan,Guizhou,Paraguay,South America
1443,Fernando de la Mora,Peloponn sos,Santiago de Cuba,Paraguay,South America
1444,Limpio,Litoral,Hubei,Paraguay,South America
1445,Lima,Gu_k_dou,Maule,Peru,South America
1446,Arequipa,Kentrik  Makedon a,Aomen,Peru,South America
1447,Callao,Dalaba,Bol var,Peru,South America
1448,Trujillo,Annob n,Camag ey,Peru,South America
1449,Paramaribo,Koubia,La Araucan a,Suriname,South America
1450,Lelydorp,Upper East,Shanxi,Suriname,South America
1451,Brokopondo,Kommune Qeqertalik,Antioquia,Suriname,South America
1452,Nieuw Nickerie,Lola,"San Andr_s, Providencia y Santa Catalina",Suriname,South America
1453,Montevideo,Upper River,Caquet ,Uruguay,South America
1454,Salto,Koundara,Yunnan,Uruguay,South America
1455,Las Piedras,Anatolik  Makedon a kai Thr ki,"Praha, Hlavn  me_to",Uruguay,South America
1456,Rivera,Centro Sur,"	Como_",Uruguay,South America
1457,Caracas,Kindia,Chongqing,Venezuela,South America
1458,Maracaibo,Central River,Ribeira Brava,Venezuela,South America
1459,Maracay,Nz_r_kor_,Guangdong,Venezuela,South America
1460,Valencia,Fria,Biob o,Venezuela,South America
1461,Pago Pago,Bioko Sur,Hainan,American Samoa,Oceania
1462,Leone,Stere  Ell da,Baden-W rttemberg,American Samoa,Oceania
1463,Faleniu,Bioko Norte,Risaralda,American Samoa,Oceania
1464,Mapusagafou,Attik ,Sancti Sp ritus,American Samoa,Oceania
1465,Sydney,Ion a N sia,Norte de Santander,Australia,Oceania
1466,Melbourne,Kissidougou,S o Filipe,Australia,Oceania
1467,Brisbane,Thessal a,Libertador General Bernardo O'Higgins,Australia,Oceania
1468,Perth,K_rouan_,Arauca,Australia,Oceania
1469,Avarua,Pita,Casanare,Cook Islands,Oceania
1470,Dili,Kouroussa,Meta,East Timor,Oceania
1471,Same,Lab_,Cundinamarca,East Timor,Oceania
1472,Maliana,Vore o Aiga o,Quind o,East Timor,Oceania
1473,Suai,Tougu_,Granma,East Timor,Oceania
1474,Suva,Mali,Vichada,Fiji,Oceania
1475,Lautoka,T_lim_l_,Boyac ,Fiji,Oceania
1476,Nadi,Mamou,Tianjin,Fiji,Oceania
1477,Labasa,Wele-Nzas,East,Fiji,Oceania
1478,Faaa,Yomou,Saarland,French Polynesia,Oceania
1479,Papeete,Dytiki Makedonia,Xizang,French Polynesia,Oceania
1480,Punaauia, peiros,Lim n,French Polynesia,Oceania
1481,Pirae,Escuintla,Putumayo,French Polynesia,Oceania
1482,Dededo Village,Ki_-Ntem,S o Domingos,Guam,Oceania
1483,Yigo Village,Alta Verapaz,Tarapac ,Guam,Oceania
1484,Tamuning-Tumon-Harmon Village,Quich_,Nari o,Guam,Oceania
1485,Tamuning,Chimaltenango,Holgu n,Guam,Oceania
1486,Tarawa,Baja Verapaz,C rdoba,Kiribati,Oceania
1487,Betio Village,Jutiapa,Porto Novo,Kiribati,Oceania
1488,Bikenibeu Village,Izabal,Alajuela,Kiribati,Oceania
1489,Teaoraereke Village,Kr ti,S o Salvador do Mundo,Kiribati,Oceania
1490,Majuro,Dytik  Ell da,Ciego de  vila,Marshall Islands,Oceania
1491,Ebaye,El Progreso,Sichuan,Marshall Islands,Oceania
1492,Arno,Bissau,Gansu,Marshall Islands,Oceania
1493,Jabor,Santa Rosa,La Habana,Marshall Islands,Oceania
1494,Weno,Quinara,Regi n Metropolitana de Santiago,Micronesia,Oceania
1495,Tofol,Bafat ,Guanacaste,Micronesia,Oceania
1496,Colonia,Guatemala,Ciudad de La Habana,Micronesia,Oceania
1497,Kolonia,Retalhuleu,Sal,Micronesia,Oceania
1498,Arijejen,Sacatep_quez,Magdalena,Nauru,Oceania
1499,Menen,East Berbice-Corentyne,Boa Vista,Nauru,Oceania
1500,Yaren,Pet_n,Maio,Nauru,Oceania
1501,Baiti,Cacheu,Vaup_s,Nauru,Oceania
1502,Tadine,Totonicap n,Taiwan,New Caledonia,Oceania
1503,Bourail,Gab ,Bremen,New Caledonia,Oceania
1504,Canala,Atl ntida,Lemesos,New Caledonia,Oceania
1505,Koumac,Suchitep_quez,Santa Catarina,New Caledonia,Oceania
1506,Auckland,Essequibo Islands-West Demerara,S o Miguel,New Zealand,Oceania
1507,Wellington,Not o Aiga o,Ribeira Grande,New Zealand,Oceania
1508,Christchurch,Santa B rbara,Centre,New Zealand,Oceania
1509,Manukau City,Biombo,Larnaka,New Zealand,Oceania
1510,Alofi,Huehuetenango,Praia,Niue,Oceania
1511,Kingston,Zacapa,Xianggang,Norfolk Island,Oceania
1512,Saipan,Barima-Waini,Stredocesk_ kraj,Northern Mariana Islands,Oceania
1513,San Jose Village,Oio,Tarrafal,Northern Mariana Islands,Oceania
1514,Koror,Valle,Jilin,Palau,Oceania
1515,Koror Town,Solol ,Jihocesk_ kraj,Palau,Oceania
1516,Kloulklubed,Jalapa,Las Tunas,Palau,Oceania
1517,Ulimang,Chiquimula,Ammochostos,Palau,Oceania
1518,Port Moresby,Demerara-Mahaica,Villa Clara,Papua New Guinea,Oceania
1519,Lae,El Para so,Heilongjiang,Papua New Guinea,Oceania
1520,Arawa,Upper Demerara-Berbice, steck_ kraj,Papua New Guinea,Oceania
1521,Mount Hagen,Mahaica-Berbice,Plzensk_ kraj,Papua New Guinea,Oceania
1522,Adamstown,Potaro-Siparuni,Cesar,Pitcairn Islands,Oceania
1523,Apia,Licko-senjska _upanija,Jihomoravsk_ kraj,Samoa,Oceania
1524,Asau,Koprivnicko-kri_evacka _upanija,Dikhil,Samoa,Oceania
1525,Mulifanua,Cop n,Puntarenas,Samoa,Oceania
1526,Faleula,Cuyuni-Mazaruni,Hessen,Samoa,Oceania
1527,Honiara,Comayagua,Karlovarsk_ kraj,Solomon Islands,Oceania
1528,Auki,San Marcos,Mecklenburg-Vorpommern,Solomon Islands,Oceania
1529,Gizo,Olancho,Xinjiang,Solomon Islands,Oceania
1530,Buala,Gracias a Dios,Keryneia,Solomon Islands,Oceania
1531,Atafu Village,Lempira,Huila,Tokelau,Oceania
1532,Nukunonu,Karlovacka _upanija,Kr lov_hradeck_ kraj,Tokelau,Oceania
1533,Fale old settlement,Ocotepeque,Libereck_ kraj,Tokelau,Oceania
1534,Neiafu,Quetzaltenango,Tarrafal de S o Nicolau,Tonga,Oceania
1535,Haveluloto,Tombali,Cienfuegos,Tonga,Oceania
1536,Vaini,Bolama,La Guajira,Tonga,Oceania
1537,Pangai,Col n,Hebei,Tonga,Oceania
1538,Funafuti,Islas de la Bah a,Cartago,Tuvalu,Oceania
1539,Alapi Village,Cort_s,S o Louren o dos  rg os,Tuvalu,Oceania
1540,Fakaifou Village,Bjelovarsko-bilogorska _upanija,Arta,Tuvalu,Oceania
1541,Savave Village,Pomeroon-Supenaam,Brava,Tuvalu,Oceania
1542,,Grad Zagreb,Moravskoslezsk_ kraj,U.S. Minor Outlying Islands,Oceania
1543,Port-Vila,Choluteca,Pardubick_ kraj,Vanuatu,Oceania
1544,Luganville,Krapinsko-zagorska _upanija,Zl nsk_ kraj,Vanuatu,Oceania
1545,Norsup,Intibuc ,Sachsen-Anhalt,Vanuatu,Oceania
1546,Port-Olry,Upper Takutu-Upper Essequibo,Atl ntico,Vanuatu,Oceania
1547,Mata-Utu,Po_e_ko-slavonska _upanija,Tolima,Wallis and Futuna,Oceania
1548,Leava,Vukovarsko-srijemska _upanija,Qinghai,Wallis and Futuna,Oceania
1549,Alo,Francisco Moraz n,S o Vicente,Wallis and Futuna,Oceania
